user_id,preparation_days
94883,8
101486,9
101961,7
106907,173
118043,10
120851,8
125845,10
133058,6
149058,7
152583,9
153982,10
160754,12
164522,9
171470,132
174997,10
175032,7
181157,6
182191,19
187212,9
189676,5
190866,8
195192,16
204943,34
204997,17
205044,7
206011,7
216796,193
217136,8
220725,5
224996,9
226367,8
228872,6
229009,109
229108,129
229330,9
232647,8
249521,9
252835,8
264470,9
276512,10
281952,8
283325,5
290123,7
297546,6
298253,7
299476,8
306819,7
312488,7
313724,6
316527,9
317688,9
322867,7
324191,11
328590,7
330764,1
330893,7
331039,235
334787,6
338086,8
343928,171
347778,7
348817,6
349132,8
350648,1
353271,6
353694,8
354050,9
354260,12
354311,8
354950,5
356046,9
357737,7
359072,9
359080,77
359653,7
361459,7
361759,9
363535,8
365825,7
371201,9
372970,7
373489,224
374331,3
374340,337
375729,7
375751,9
376159,10
377069,189
377411,6
378565,5
379543,7
380434,11
380436,10
380757,9
380874,9
380949,7
381259,6
381465,8
382181,6
382384,10
385689,9
386914,75
387783,8
388328,8
388767,6
388947,8
389434,6
389662,10
389759,7
390811,8
392453,7
395981,11
396552,8
399137,8
399218,8
399799,8
400275,10
400582,8
400899,7
401245,8
402332,15
402978,6
403881,9
404879,8
405305,12
406210,158
407118,85
407250,6
407275,7
407642,9
408551,6
409073,8
411179,7
411701,17
413128,7
413340,10
413418,11
413658,91
414128,11
415282,9
415381,7
415581,10
416319,9
416580,6
417679,9
418329,8
418488,6
418692,27
420648,8
420669,7
421247,7
421515,6
421666,9
421700,9
421870,81
422066,9
423042,6
424553,12
425632,7
425953,9
425966,9
426478,238
427426,14
427506,7
428056,8
428552,8
428858,81
429375,78
430722,6
431144,9
431337,9
431602,5
431746,7
431899,2
431912,6
432333,13
432637,7
432941,7
433080,9
433339,9
434238,10
434623,6
435231,6
435596,8
435669,7
435882,8
436320,9
436894,9
437069,8
437162,7
437251,8
437539,8
437549,9
438189,9
438406,8
438551,131
438596,9
438839,7
438937,8
438985,124
439052,7
439120,10
439363,9
440212,6
440655,7
441200,7
441205,9
441448,8
441457,7
441982,7
442484,9
442718,9
442819,7
442833,7
443305,9
443453,7
443598,12
443652,7
444387,127
444885,6
445351,6
445515,10
446124,8
446138,8
446473,7
446933,6
447053,7
447591,7
447737,8
447951,8
448025,9
448154,7
448295,5
448564,7
449033,9
449326,8
449619,8
449804,7
449980,84
450164,7
450193,7
450305,5
450615,10
451291,70
452034,104
452532,7
452594,9
452612,12
453143,8
453168,6
454264,5
454430,8
454616,9
454661,6
454920,10
454934,6
454955,13
456226,52
456318,8
456663,9
456671,6
457468,8
457599,7
458479,5
458688,8
458762,7
458814,9
458855,7
458919,7
459229,7
459486,8
459645,8
460072,7
460181,10
460553,9
460625,8
461559,7
461744,9
461791,10
462127,7
462456,10
462894,9
463652,8
463698,9
463783,8
463867,7
463910,12
464080,6
464160,9
464239,7
464542,9
464614,7
464673,8
464782,5
464855,86
465138,7
465343,9
465531,8
465731,7
466205,10
466723,7
467007,62
467092,167
467339,8
467809,9
467892,8
468106,9
468370,8
468409,6
468666,8
468801,7
468808,8
468832,53
469440,10
469464,7
469699,8
469767,7
469824,10
471077,10
471161,6
471186,7
471500,7
471565,10
471687,11
471717,7
471935,8
472394,8
472446,117
472614,10
472713,49
472785,7
472966,9
473332,7
473343,8
473402,117
473467,74
473568,7
473712,7
473847,10
474007,7
474120,8
474239,253
474261,6
474384,7
474464,7
474546,8
474951,8
474980,8
475060,7
475130,8
475467,6
475531,9
476081,7
476104,9
476124,10
476270,6
476393,7
476436,9
476535,8
476665,8
476693,8
476714,10
476742,14
476956,8
477285,8
477316,7
477597,7
477730,8
478003,10
478146,98
478188,8
478228,7
478291,7
478533,5
478585,10
478760,224
478801,7
479071,8
479078,9
479101,8
479254,9
479524,183
480313,7
480331,9
480690,11
480796,10
480877,9
480895,7
481050,8
481245,8
481292,10
481358,169
481554,9
481622,10
481772,4
482264,10
482424,8
482548,42
482602,9
482621,9
482630,8
482744,7
482811,126
483224,8
483237,8
483345,7
483480,6
483483,7
483525,10
483603,8
483928,8
483982,10
484249,9
484342,134
484418,8
484987,7
485149,7
485260,8
485393,266
485505,8
485544,8
485591,10
485658,8
485780,7
485785,6
485891,6
485894,7
486113,5
486261,7
486270,9
486366,5
486447,213
486454,10
486605,12
486671,7
486751,8
486823,9
487002,9
487036,7
487040,9
487101,8
487276,9
487352,5
487453,8
487637,6
487680,9
487715,8
487858,9
487954,10
488009,8
488314,7
488410,8
488430,74
488462,9
488480,100
488511,12
488529,9
488672,9
488827,8
488865,13
488870,7
488918,7
488974,7
489096,8
489575,9
489635,10
489730,7
489785,11
489802,10
489844,8
489852,9
489949,66
489953,8
489992,11
490040,7
490107,6
490133,9
490201,10
490348,11
490358,6
490517,11
490576,5
490608,7
490629,9
490671,6
491003,8
491124,10
491141,7
491175,9
491182,8
491241,6
491266,9
491559,9
491597,10
491617,7
491706,9
491772,6
491925,8
491930,10
492209,7
492211,8
492287,8
492371,6
492497,217
492999,17
493177,9
493409,9
493476,7
493718,7
494294,8
494374,5
494382,10
494463,10
494484,7
494590,8
494680,7
494704,8
494985,8
495029,9
495042,7
495080,8
495272,6
495273,7
495386,8
495482,8
495603,63
495727,8
496016,9
496273,7
496286,7
496332,9
496382,9
496408,5
496566,7
496899,6
496972,7
497042,9
497077,75
497108,7
497225,9
497475,40
497615,6
497678,12
497680,8
497829,10
497915,9
498154,7
498199,7
498287,9
498298,7
498357,10
498363,8
498500,8
498574,10
498607,11
498665,8
498857,9
498931,7
499028,7
499038,8
499252,10
499313,6
499366,9
499375,7
499379,8
499461,7
499475,7
499633,12
499634,9
499669,7
499751,11
499810,12
499847,7
499979,7
499990,6
500078,6
500196,8
500243,7
500257,6
500493,6
500646,8
500745,8
500773,8
500828,7
500972,9
500974,8
501087,7
501125,7
501184,9
501322,9
501344,5
501436,47
501512,9
501708,162
501735,8
501764,7
501794,7
501817,6
501830,6
501947,6
502063,5
502145,8
502210,7
502212,6
502353,6
502412,8
502435,8
502444,10
502609,8
502626,10
502799,8
502826,8
502847,6
502875,10
503042,9
503058,14
503277,10
503342,7
503418,10
503621,9
503760,56
503928,8
503945,8
503973,5
504081,7
504133,10
504240,8
504299,8
504320,5
504371,68
504435,7
504473,9
504610,6
504665,6
504669,6
504786,7
504859,9
504892,10
504916,12
504936,9
504945,7
505062,10
505172,85
505230,10
505285,9
505289,9
505358,8
505414,7
505498,9
505617,4
505667,4
505680,8
505713,8
505747,8
505771,8
505854,9
505916,7
505933,6
505941,8
506013,7
506130,6
506186,144
506234,8
506250,9
506427,8
506611,10
506652,8
506675,8
506704,7
506777,8
506807,8
506828,10
506837,8
506858,7
507036,7
507133,10
507273,7
507376,7
507395,6
507431,8
507435,7
507505,8
507557,10
507573,5
507617,5
507728,7
507732,9
507753,6
507759,9
507773,6
507805,34
508050,6
508096,6
508111,3
508144,9
508153,9
508240,7
508360,7
508367,8
508497,10
508546,9
508625,8
508693,10
508713,10
508731,7
508829,49
508848,9
508849,10
508856,205
508857,10
508860,9
508866,8
508877,8
508891,9
508892,7
508901,9
508912,7
508917,8
508923,81
508938,9
508940,9
508944,11
508946,8
508973,9
509024,14
509036,7
509052,9
509061,7
509069,11
509098,7
509115,7
509119,11
509157,11
509160,9
509202,11
509221,9
509242,12
509278,64
509282,10
509302,7
509316,8
509324,7
509341,9
509346,8
509353,8
509354,5
509359,8
509411,10
509413,12
509414,57
509419,5
509421,68
509435,7
509445,9
509453,10
509454,6
509459,5
509467,6
509498,7
509515,7
509516,8
509530,10
509552,365
509598,9
509603,8
509626,118
509635,8
509638,6
509645,7
509681,10
509712,7
509713,6
509717,7
509749,9
509763,8
509765,8
509781,308
509822,9
509826,12
509841,71
509903,7
509919,6
509933,8
509990,7
510003,7
510022,9
510044,7
510048,8
510061,8
510067,9
510070,158
510078,8
510079,7
510081,6
510090,6
510093,9
510094,9
510104,9
510108,88
510112,7
510114,6
510134,7
510155,7
510156,10
510163,7
510164,6
510170,7
510172,8
510179,98
510185,9
510188,60
510195,6
510198,8
510213,7
510215,7
510219,7
510227,8
510238,7
510239,7
510243,9
510257,6
510270,6
510315,9
510326,9
510328,8
510343,8
510356,5
510365,7
510369,7
510393,9
510423,8
510449,10
510452,7
510459,8
510494,9
510511,5
510533,4
510537,63
510558,102
510570,5
510571,225
510580,10
510582,5
510585,224
510586,9
510610,8
510618,6
510676,10
510686,9
510694,8
510700,9
510707,8
510733,7
510754,8
510779,10
510805,6
510815,8
510822,6
510836,8
510841,8
510890,9
510899,9
510944,9
510946,10
510953,8
510960,8
510961,6
510972,10
511017,7
511055,9
511066,7
511093,6
511122,11
511125,8
511126,10
511140,7
511142,6
511145,5
511148,6
511160,9
511178,8
511195,4
511208,8
511223,6
511260,8
511298,9
511314,103
511326,9
511328,6
511331,33
511364,8
511379,6
511397,7
511398,11
511399,9
511418,10
511424,13
511433,9
511440,8
511455,7
511469,10
511489,9
511502,7
511504,7
511535,5
511542,9
511549,6
511552,183
511554,7
511560,9
511567,8
511568,253
511570,13
511577,6
511578,6
511587,11
511609,9
511613,9
511638,6
511665,5
511666,5
511677,5
511680,7
511697,8
511712,8
511726,7
511739,9
511762,12
511764,7
511772,10
511778,8
511783,8
511784,165
511800,8
511803,8
511805,8
511809,6
511811,8
511827,100
511851,7
511859,7
511860,7
511862,7
511884,8
511902,7
511916,8
511923,10
511936,11
511943,7
511977,51
511996,6
511998,6
512009,7
512010,7
512016,4
512024,10
512028,8
512060,7
512063,10
512069,7
512078,10
512099,11
512103,39
512147,0
512163,10
512173,64
512193,7
512197,9
512201,8
512204,10
512243,9
512266,11
512271,8
512283,8
512289,9
512294,7
512295,9
512301,8
512302,12
512303,7
512322,10
512329,9
512362,9
512377,6
512392,12
512402,6
512418,8
512419,7
512440,8
512443,7
512447,6
512463,70
512495,7
512536,7
512552,9
512556,8
512558,7
512587,10
512589,7
512596,8
512598,10
512610,7
512628,9
512631,8
512655,8
512671,8
512677,6
512680,8
512691,8
512693,8
512695,8
512696,10
512704,7
512706,9
512780,8
512786,9
512787,12
512791,7
512801,8
512826,8
512831,8
512835,10
512846,8
512848,5
512880,7
512887,9
512888,7
512900,5
512904,10
512922,9
512928,91
512943,7
512945,118
512974,169
512976,8
512984,6
512999,7
513004,8
513005,11
513006,7
513026,8
513030,8
513031,6
513058,8
513089,7
513090,115
513093,8
513096,10
513103,10
513126,8
513164,8
513216,8
513220,9
513221,6
513227,7
513233,7
513236,8
513237,6
513242,7
513259,9
513289,9
513296,8
513317,11
513322,10
513338,8
513339,9
513347,10
513366,9
513381,11
513387,8
513397,9
513402,12
513408,6
513422,7
513438,14
513441,141
513495,5
513497,10
513509,6
513543,7
513555,8
513568,6
513569,5
513582,9
513611,8
513613,7
513620,7
513625,156
513627,7
513628,7
513638,8
513659,8
513683,8
513714,196
513721,6
513761,9
513776,7
513787,8
513791,8
513796,8
513807,38
513826,9
513844,9
513853,9
513856,5
513860,10
513869,267
513875,37
513917,9
513926,9
513933,9
513953,9
513956,9
513964,9
513967,48
513995,7
514002,8
514003,10
514023,10
514053,7
514071,11
514076,7
514113,6
514132,8
514133,8
514164,6
514167,9
514206,8
514208,10
514210,6
514215,7
514235,13
514261,7
514275,6
514300,6
514315,9
514318,8
514324,8
514337,7
514342,9
514344,8
514370,7
514384,9
514395,7
514457,9
514460,7
514461,10
514515,7
514526,8
514586,7
514589,7
514617,9
514623,8
514627,8
514638,10
514660,9
514675,7
514682,10
514689,9
514737,10
514785,8
514810,9
514830,10
514867,8
514892,10
514899,7
514925,201
514926,8
514944,7
514951,102
514953,3
514980,11
514981,11
515004,10
515013,6
515020,10
515030,3
515051,7
515058,7
515060,9
515085,140
515103,8
515124,8
515131,8
515139,7
515161,8
515182,8
515200,7
515205,153
515229,9
515243,9
515258,9
515271,8
515274,9
515306,8
515330,7
515344,8
515398,6
515409,6
515421,8
515423,7
515478,9
515490,9
515523,8
515529,5
515565,9
515578,8
515580,9
515586,8
515610,56
515639,8
515645,7
515666,9
515675,6
515684,9
515688,9
515694,9
515713,6
515727,9
515735,8
515739,7
515751,8
515764,9
515778,9
515802,7
515818,8
515831,10
515835,8
515891,9
515901,7
515908,9
515941,9
515947,10
515953,9
515974,20
515985,10
516004,8
516006,9
516053,9
516057,8
516061,7
516089,8
516092,9
516105,4
516117,7
516118,15
516132,87
516144,10
516152,8
516176,11
516177,7
516178,7
516211,41
516216,8
516217,6
516246,7
516251,9
516269,11
516273,6
516282,8
516283,84
516287,104
516290,6
516296,7
516301,48
516351,8
516368,129
516375,10
516418,10
516420,12
516433,4
516456,7
516507,10
516516,8
516528,7
516543,13
516556,5
516561,7
516571,8
516578,8
516579,10
516590,9
516593,10
516594,8
516614,6
516616,8
516639,7
516647,10
516679,56
516682,10
516694,118
516704,9
516732,6
516739,10
516763,4
516789,8
516798,14
516806,8
516808,9
516827,9
516833,6
516841,11
516862,280
516933,7
516939,7
516965,8
516972,10
517061,8
517064,9
517076,8
517105,10
517119,8
517131,234
517142,9
517150,8
517158,7
517205,7
517212,7
517231,6
517284,83
517324,8
517330,16
517356,5
517370,8
517392,9
517393,10
517397,9
517403,8
517415,6
517438,8
517445,6
517467,5
517486,9
517491,7
517545,6
517548,7
517549,9
517571,5
517579,6
517581,7
517596,7
517633,8
517653,9
517674,8
517675,8
517676,76
517700,10
517715,8
517732,9
517735,9
517739,5
517743,9
517772,28
517776,9
517787,225
517803,10
517819,9
517825,8
517839,6
517847,6
517871,10
517894,7
517898,68
517925,5
517931,7
517961,47
517967,11
517968,7
518012,8
518015,8
518044,7
518074,6
518084,196
518092,7
518121,8
518127,7
518135,6
518191,8
518196,10
518211,7
518219,7
518281,7
518324,8
518334,13
518338,54
518347,11
518348,9
518372,8
518393,9
518406,7
518416,9
518443,11
518450,7
518480,9
518495,8
518516,8
518526,7
518527,8
518533,8
518535,8
518541,9
518567,9
518579,12
518582,99
518585,7
518612,8
518629,7
518639,9
518694,9
518711,8
518716,11
518722,7
518726,8
518743,8
518747,7
518751,8
518756,6
518826,8
518827,10
518865,8
518866,9
518867,8
518870,8
518894,10
518896,92
518907,7
518954,8
518956,11
518963,7
518971,5
518998,8
519014,6
519059,10
519079,7
519089,65
519091,4
519096,9
519114,8
519117,9
519137,10
519140,8
519171,7
519205,7
519210,11
519211,8
519248,225
519254,9
519260,10
519267,10
519285,8
519313,11
519348,7
519357,8
519368,4
519383,234
519392,10
519393,10
519412,10
519419,9
519430,8
519446,8
519469,6
519515,9
519529,7
519532,8
519541,9
519554,11
519595,8
519596,7
519604,8
519626,7
519631,8
519664,11
519694,6
519695,7
519709,45
519718,7
519722,9
519725,5
519726,6
519747,8
519769,8
519774,8
519787,69
519799,8
519846,8
519848,8
519853,6
519859,10
519885,10
519888,8
519893,10
519896,89
519905,8
519911,7
519912,9
519955,7
519957,8
519961,9
519965,9
519982,169
520054,7
520063,7
520097,7
520106,9
520141,8
520152,9
520170,12
520175,8
520177,8
520182,8
520188,8
520193,8
520225,8
520244,6
520248,9
520250,9
520256,7
520265,9
520277,8
520291,8
520298,8
520307,8
520311,6
520327,8
520358,9
520373,10
520397,6
520405,6
520411,5
520422,8
520429,49
520436,8
520480,9
520491,8
520497,8
520527,9
520530,10
520532,10
520539,60
520556,8
520558,7
520619,6
520680,9
520696,6
520708,6
520719,9
520733,10
520745,9
520762,9
520770,11
520783,8
520804,6
520819,7
520821,7
520844,6
520851,7
520861,61
520877,6
520878,9
520885,38
520898,7
520902,7
520934,9
520947,178
520959,7
521000,9
521004,8
521031,8
521033,9
521044,9
521060,7
521065,59
521066,9
521070,50
521109,8
521127,7
521152,8
521170,10
521185,7
521186,6
521192,8
521201,5
521212,8
521235,46
521250,8
521259,8
521282,11
521286,7
521293,8
521295,5
521298,8
521309,9
521316,10
521331,63
521335,8
521343,8
521379,11
521392,4
521404,8
521408,9
521416,6
521434,8
521462,9
521474,7
521491,52
521509,10
521510,10
521514,6
521587,7
521607,9
521609,7
521657,16
521658,8
521695,7
521708,8
521719,6
521720,8
521743,8
521748,6
521768,9
521785,8
521814,8
521818,87
521859,9
521865,9
521883,62
521884,6
521885,11
521904,5
521921,7
521925,7
521941,8
521943,10
521956,9
521963,6
521986,11
521992,9
521997,6
522005,7
522062,6
522086,7
522111,95
522112,8
522115,6
522118,7
522152,57
522171,7
522179,8
522223,8
522233,8
522237,9
522263,8
522265,8
522276,9
522286,8
522315,7
522323,9
522364,8
522373,10
522375,7
522402,8
522420,273
522426,8
522427,6
522438,7
522441,11
522445,8
522457,10
522465,10
522476,11
522484,8
522513,6
522523,6
522532,10
522533,70
522585,8
522607,8
522631,9
522633,9
522634,10
522639,8
522654,8
522687,72
522738,74
522745,6
522748,8
522761,7
522800,7
522809,8
522873,7
522898,130
522927,8
522937,10
522939,12
522944,10
522970,9
522981,7
522999,8
523030,6
523073,6
523077,5
523090,9
523098,11
523146,10
523158,8
523209,8
523228,5
523231,9
523256,9
523271,10
523273,7
523290,7
523299,189
523301,8
523335,7
523338,9
523392,9
523395,6
523442,7
523454,11
523465,7
523474,9
523484,9
523503,169
523505,6
523511,187
523513,9
523517,7
523526,12
523546,7
523559,6
523612,5
523619,9
523657,7
523666,8
523686,10
523690,7
523700,11
523710,9
523715,78
523717,8
523735,8
523746,9
523756,8
523768,3
523771,6
523787,9
523800,5
523807,8
523819,13
523824,11
523841,8
523842,9
523845,8
523846,7
523860,8
523866,11
523877,9
523913,8
523938,6
523981,8
524001,7
524012,8
524031,8
524036,8
524038,7
524043,7
524046,127
524052,7
524076,9
524080,8
524116,8
524120,8
524151,7
524167,8
524169,9
524180,8
524194,98
524200,9
524211,8
524214,6
524226,7
524244,7
524251,5
524278,7
524313,9
524328,9
524358,56
524365,8
524383,11
524407,7
524412,8
524419,12
524448,5
524473,9
524484,169
524511,5
524572,7
524606,103
524607,8
524615,8
524620,9
524628,11
524637,9
524644,8
524650,7
524663,5
524668,9
524682,6
524722,7
524728,7
524739,10
524766,7
524805,8
524807,9
524821,77
524834,10
524849,10
524861,7
524895,7
524909,8
524923,7
524926,9
524929,5
524980,8
525022,97
525034,6
525043,7
525053,7
525056,8
525081,7
525089,8
525102,9
525106,9
525168,9
525176,7
525201,8
525212,8
525227,7
525234,68
525244,7
525265,12
525281,7
525308,5
525323,6
525332,6
525356,8
525389,8
525405,8
525410,11
525415,11
525447,9
525488,65
525515,7
525529,7
525546,8
525555,7
525591,7
525610,41
525611,8
525615,8
525631,72
525671,9
525684,9
525716,10
525722,10
525734,7
525769,7
525789,8
525804,8
525806,7
525824,7
525842,6
525844,6
525864,9
525879,9
525920,8
525975,9
525996,10
526062,9
526079,9
526084,9
526102,7
526144,8
526154,7
526174,10
526179,8
526203,8
526206,13
526221,8
526235,9
526239,8
526256,8
526258,10
526297,10
526308,9
526332,9
526354,9
526365,8
526367,9
526372,12
526378,8
526409,9
526431,11
526443,6
526445,8
526471,7
526490,9
526492,8
526495,8
526540,7
526565,9
526570,8
526628,8
526668,9
526676,38
526683,9
526690,9
526711,9
526727,64
526729,9
526759,8
526782,9
526789,10
526837,60
526855,11
526867,8
526873,11
526900,6
526901,9
526905,6
526913,9
526950,8
526959,9
526970,7
527004,8
527019,10
527038,10
527046,6
527075,10
527081,10
527082,7
527109,9
527130,7
527132,8
527133,7
527141,8
527142,9
527150,8
527154,8
527158,52
527187,9
527197,12
527219,8
527232,13
527253,9
527280,7
527326,7
527344,7
527346,8
527354,8
527359,8
527365,6
527393,8
527396,9
527401,6
527406,8
527451,7
527452,10
527455,103
527464,7
527467,6
527470,4
527490,7
527507,9
527508,9
527518,7
527536,309
527564,9
527585,9
527605,5
527690,13
527726,10
527735,8
527782,7
527783,8
527824,9
527850,7
527886,9
527928,8
527944,10
527984,10
527987,9
527995,5
528020,10
528028,9
528046,5
528061,9
528105,9
528122,8
528158,8
528164,65
528186,6
528193,8
528216,10
528242,7
528244,10
528248,9
528281,7
528322,8
528330,7
528354,9
528378,9
528379,6
528411,9
528417,8
528421,8
528455,9
528490,8
528500,195
528522,5
528528,5
528542,8
528567,6
528580,9
528612,9
528657,12
528661,13
528683,6
528690,10
528706,7
528723,8
528735,8
528743,40
528744,9
528777,5
528816,9
528826,10
528827,7
528828,7
528829,8
528839,7
528842,9
528844,9
528906,7
528929,8
528930,6
528942,7
528953,8
528965,9
528967,9
528995,7
528999,8
529019,69
529023,6
529048,9
529050,9
529082,6
529205,7
529214,8
529224,7
529229,8
529231,8
529237,5
529249,7
529309,10
529332,9
529338,9
529362,36
529406,8
529421,9
529422,11
529424,9
529428,5
529436,47
529488,159
529501,8
529502,9
529510,8
529513,10
529520,10
529566,8
529602,102
529678,7
529689,7
529695,8
529704,135
529734,8
529768,8
529781,11
529787,7
529801,13
529831,8
529840,10
529845,7
529879,10
529887,7
529940,8
529972,6
530004,7
530039,8
530090,9
530118,9
530188,7
530196,83
530199,7
530213,9
530223,8
530240,7
530277,7
530278,7
530282,9
530298,7
530315,11
530322,7
530329,8
530365,6
530371,7
530374,10
530379,11
530383,6
530385,10
530421,9
530427,7
530463,8
530468,7
530514,5
530543,9
530563,10
530579,7
530585,12
530592,8
530607,8
530625,8
530627,9
530645,8
530649,9
530656,7
530665,8
530666,8
530667,9
530687,8
530719,8
530720,27
530724,9
530739,6
530743,9
530754,9
530773,6
530775,8
530797,10
530801,7
530810,9
530811,225
530833,8
530881,7
530906,10
530949,9
530950,6
530978,7
531006,9
531009,8
531016,7
531020,10
531027,7
531031,281
531054,9
531073,7
531094,8
531109,8
531143,9
531144,7
531158,9
531198,11
531204,7
531217,10
531253,7
531322,10
531339,96
531344,10
531361,130
531373,9
531386,9
531427,69
531431,10
531447,9
531467,9
531471,7
531499,7
531511,8
531512,8
531557,8
531568,7
531615,365
531625,11
531650,9
531654,63
531663,11
531670,7
531739,9
531744,8
531745,97
531771,6
531777,9
531789,9
531795,7
531807,10
531824,9
531834,6
531844,5
531847,10
531857,11
531868,11
531884,8
531921,7
531926,7
531931,8
531959,101
531971,8
531987,7
531989,6
531994,9
532063,8
532064,88
532073,6
532106,7
532119,8
532159,7
532215,8
532225,7
532233,7
532258,11
532259,6
532312,8
532329,337
532347,11
532361,8
532365,8
532381,9
532387,8
532388,5
532390,9
532410,183
532426,225
532433,7
532500,61
532519,8
532535,6
532544,184
532568,15
532607,9
532622,7
532623,9
532650,7
532651,10
532653,8
532656,7
532705,6
532710,11
532711,6
532721,8
532725,2
532730,8
532742,7
532748,8
532750,103
532810,8
532823,7
532835,4
532843,8
532863,8
532866,9
532901,11
532912,10
532941,39
532989,9
533093,3
533117,11
533123,10
533129,6
533155,6
533199,9
533211,8
533222,9
533248,10
533251,6
533283,9
533291,7
533302,8
533327,6
533357,11
533378,8
533388,281
533396,7
533402,11
533404,8
533411,9
533449,6
533464,7
533490,9
533492,107
533497,9
533518,7
533527,7
533537,6
533542,9
533550,7
533573,6
533575,8
533598,8
533613,7
533617,8
533656,6
533716,10
533742,6
533755,187
533759,9
533773,12
533782,9
533809,5
533846,10
533859,9
533895,7
533908,5
533932,93
533985,9
533990,7
534040,6
534045,9
534066,10
534088,9
534105,10
534179,8
534190,9
534246,10
534254,6
534295,10
534333,7
534351,10
534360,8
534378,9
534380,81
534391,10
534445,6
534474,10
534564,4
534594,6
534604,169
534607,9
534608,11
534688,7
534697,6
534703,4
534742,4
534747,8
534782,7
534793,5
534798,9
534825,7
534840,11
534842,10
534858,7
534895,8
534903,8
534939,8
534948,5
534957,8
534971,6
534986,10
535007,9
535024,11
535035,9
535047,11
535051,6
535060,8
535063,7
535081,8
535099,9
535135,8
535136,8
535149,6
535155,5
535177,8
535189,8
535229,10
535266,309
535311,7
535341,9
535365,11
535398,10
535441,9
535447,8
535459,6
535473,253
535495,7
535502,6
535553,9
535595,116
535600,9
535610,8
535625,42
535637,11
535644,9
535686,64
535701,10
535702,9
535706,9
535734,7
535746,11
535747,9
535791,6
535795,6
535878,8
535879,8
535885,7
535896,8
535905,6
535906,12
535912,8
535942,10
535983,5
536000,42
536016,8
536034,10
536035,6
536039,61
536050,5
536058,10
536066,8
536086,8
536099,9
536212,52
536229,5
536241,9
536275,7
536278,8
536313,7
536343,3
536387,80
536431,12
536467,7
536469,8
536474,59
536489,80
536490,10
536532,8
536566,6
536574,8
536604,8
536622,8
536641,7
536651,7
536652,7
536656,10
536658,8
536659,8
536672,35
536675,9
536691,9
536695,7
536763,8
536764,8
536782,9
536791,8
536810,9
536843,7
536876,6
536893,10
536951,8
536964,11
536995,116
537038,7
537066,9
537098,14
537121,9
537123,8
537177,5
537181,8
537212,5
537227,8
537289,8
537317,8
537373,8
537393,7
537412,10
537413,6
537414,8
537507,281
537560,9
537580,6
537586,8
537595,8
537671,8
537676,10
537688,9
537723,7
537725,12
537748,9
537770,8
537795,12
537804,5
537818,8
537819,9
537834,7
537860,6
537861,7
537904,9
537922,8
538069,6
538074,8
538084,7
538108,10
538112,11
538131,10
538134,10
538139,13
538147,6
538167,7
538188,8
538197,8
538214,8
538216,10
538260,7
538270,13
538274,12
538279,10
538306,8
538319,6
538321,4
538331,8
538349,8
538350,3
538388,8
538413,1
538426,5
538432,10
538438,8
538441,4
538454,9
538457,7
538458,11
538489,7
538522,6
538529,9
538538,8
538608,9
538638,7
538641,6
538666,6
538677,9
538680,9
538681,12
538691,7
538703,7
538714,12
538780,10
538788,5
538814,7
538883,6
538915,10
538919,223
538944,8
538976,8
539008,9
539010,14
539012,9
539093,9
539105,10
539135,7
539140,7
539146,7
539209,9
539221,8
539243,118
539267,8
539283,7
539300,6
539315,6
539317,8
539320,12
539337,8
539338,8
539384,10
539414,12
539426,9
539460,11
539510,8
539519,7
539528,8
539542,197
539558,9
539566,130
539611,9
539625,6
539627,9
539637,8
539648,5
539669,6
539671,5
539710,7
539729,6
539782,7
539794,8
539855,7
539864,7
539868,10
539883,11
539899,197
539912,8
539916,9
539917,9
539936,6
539953,8
539962,167
540014,7
540029,116
540094,10
540147,7
540150,7
540180,8
540199,8
540244,8
540252,9
540253,6
540260,6
540302,6
540306,6
540308,4
540319,8
540347,9
540348,7
540413,9
540415,7
540444,9
540455,7
540475,6
540502,7
540527,9
540557,7
540572,41
540580,7
540597,8
540605,13
540614,7
540622,6
540654,10
540656,7
540664,8
540666,10
540698,9
540708,9
540718,8
540733,7
540819,6
540837,6
540863,281
540941,365
540973,8
540974,6
541001,8
541040,8
541041,6
541047,141
541061,7
541083,7
541084,9
541112,8
541150,10
541162,10
541168,8
541176,6
541216,7
541224,10
541235,8
541240,12
541249,9
541259,7
541262,8
541282,10
541289,8
541326,10
541352,7
541357,41
541382,9
541389,9
541438,8
541454,8
541505,9
541516,7
541539,91
541540,8
541612,8
541649,5
541672,7
541699,9
541700,9
541734,6
541752,9
541764,6
541812,8
541878,11
541901,9
541906,64
541921,5
541923,5
541931,8
541939,8
541967,8
541972,7
541980,7
541998,5
542012,7
542015,7
542027,8
542036,8
542059,8
542065,76
542080,7
542095,8
542142,63
542153,8
542189,7
542194,9
542196,9
542208,8
542230,8
542254,7
542270,8
542277,8
542282,9
542303,11
542326,9
542334,8
542358,9
542366,7
542383,12
542418,7
542451,9
542471,10
542482,12
542570,6
542585,6
542605,7
542657,8
542658,10
542663,10
542670,11
542752,9
542760,8
542767,87
542795,8
542796,6
542805,6
542825,7
542843,9
542850,9
542874,92
542914,10
542918,62
542937,7
542976,9
543008,85
543038,9
543052,7
543074,9
543075,6
543081,11
543114,7
543126,7
543165,9
543222,6
543237,10
543240,7
543271,9
543273,7
543304,11
543306,7
543327,8
543339,8
543352,7
543375,10
543385,10
543437,7
543497,8
543557,9
543559,8
543618,7
543659,7
543660,309
543666,7
543668,9
543671,8
543694,8
543713,10
543716,10
543728,8
543778,6
543810,10
543817,11
543826,7
543900,6
543927,5
543928,9
543937,8
543952,79
543968,7
543976,7
544002,10
544008,8
544012,10
544015,10
544043,7
544163,8
544207,8
544254,11
544256,13
544271,11
544367,8
544391,8
544406,8
544414,8
544444,8
544447,10
544449,8
544469,9
544476,9
544480,9
544495,115
544513,7
544549,8
544595,8
544604,10
544627,8
544640,9
544680,7
544683,8
544685,158
544694,7
544747,7
544749,11
544818,7
544839,8
544868,10
544926,8
545010,8
545011,8
545012,9
545070,7
545089,203
545109,6
545115,9
545132,6
545208,7
545209,10
545226,7
545249,8
545272,9
545290,6
545300,9
545317,9
545318,7
545327,6
545344,236
545345,7
545360,5
545375,9
545399,9
545404,8
545446,7
545465,7
545510,10
545518,85
545551,7
545577,8
545629,8
545633,8
545634,11
545652,8
545684,5
545736,159
545745,8
545748,13
545755,8
545758,7
545763,38
545770,9
545771,13
545803,9
545805,14
545865,7
545879,100
545936,6
545939,10
545958,6
545981,12
546008,7
546050,6
546061,7
546064,9
546065,6
546072,13
546121,6
546127,9
546130,7
546131,7
546161,10
546164,172
546190,9
546224,10
546256,8
546280,9
546282,8
546307,47
546334,7
546395,6
546399,3
546419,8
546437,9
546470,7
546485,11
546509,8
546529,82
546587,9
546612,7
546648,10
546664,14
546671,7
546679,9
546688,12
546702,6
546728,160
546740,8
546756,9
546774,8
546844,10
546847,7
546864,9
546867,9
546881,11
546882,102
546888,74
546900,8
546964,8
546972,11
547006,114
547007,8
547037,9
547070,8
547100,77
547130,115
547150,6
547164,10
547175,10
547180,8
547181,7
547266,12
547301,13
547325,8
547336,7
547342,7
547412,6
547453,9
547458,8
547459,104
547483,9
547512,7
547555,7
547559,52
547568,6
547594,6
547606,7
547613,8
547617,12
547663,7
547664,7
547693,253
547761,6
547776,10
547779,7
547792,7
547817,9
547823,8
547825,8
547836,9
547857,10
547862,8
547878,108
547911,10
547938,252
547951,11
547966,7
547997,8
548006,8
548022,8
548032,8
548037,8
548040,6
548109,9
548113,11
548120,6
548189,142
548190,9
548193,108
548222,98
548230,6
548256,8
548258,10
548272,10
548307,9
548310,6
548391,5
548408,9
548422,8
548434,8
548448,9
548474,7
548488,10
548490,9
548504,39
548560,12
548568,10
548587,8
548635,7
548651,7
548653,7
548672,8
548708,6
548743,9
548853,6
548859,9
548961,6
548967,11
548978,11
548988,9
548990,6
549058,186
549115,253
549116,5
549121,7
549152,6
549154,5
549190,136
549202,10
549251,132
549274,7
549281,10
549292,9
549303,6
549313,9
549357,11
549359,8
549361,8
549367,9
549377,6
549450,195
549466,7
549472,12
549482,8
549515,8
549569,71
549572,7
549579,9
549580,11
549584,7
549611,7
549623,7
549631,7
549710,8
549714,6
549733,144
549746,8
549764,7
549777,6
549797,8
549800,8
549850,54
549894,16
549938,6
549988,8
549992,11
550017,9
550019,9
550028,8
550068,8
550071,8
550077,11
550105,6
550110,7
550134,7
550200,8
550202,70
550221,10
550222,10
550229,9
550233,7
550300,8
550317,12
550400,143
550421,11
550426,8
550442,7
550455,7
550459,8
550460,7
550506,7
550514,155
550572,10
550579,58
550599,7
550627,253
550711,6
550752,6
550754,7
550796,281
550804,7
550805,8
550868,5
550871,10
550904,7
550973,8
550985,8
551023,62
551032,8
551042,11
551088,11
551116,10
551166,6
551217,7
551237,6
551241,9
551245,228
551278,8
551282,8
551331,10
551340,197
551359,9
551430,8
551448,11
551468,8
551486,9
551549,8
551560,9
551567,9
551576,7
551600,6
551615,10
551620,7
551622,126
551627,8
551662,8
551665,7
551681,8
551685,5
551718,10
551729,8
551804,8
551834,8
551847,6
551890,12
551914,7
551963,8
551967,6
551978,7
551990,8
552036,8
552088,8
552172,60
552192,8
552209,8
552303,7
552313,8
552314,8
552345,7
552348,7
552363,9
552366,10
552372,12
552384,6
552414,9
552432,83
552440,9
552473,8
552487,7
552506,7
552532,8
552535,11
552558,9
552573,102
552597,7
552598,8
552613,10
552623,309
552642,7
552643,8
552649,8
552653,9
552661,7
552732,9
552734,9
552760,7
552763,7
552775,10
552809,8
552861,99
552904,8
552929,10
552944,7
552945,9
553017,6
553054,200
553139,8
553151,8
553219,9
553220,4
553231,7
553245,9
553339,7
553361,9
553456,8
553533,8
553559,5
553568,8
553607,7
553645,8
553664,10
553704,6
553743,13
553751,9
553754,7
553773,6
553783,5
553791,6
553805,11
553876,8
553901,187
553904,117
553938,8
553943,8
553955,8
553967,7
553984,9
553985,9
554026,9
554079,8
554141,8
554155,6
554163,7
554175,11
554202,9
554213,89
554217,7
554269,8
554284,16
554413,8
554444,7
554507,11
554532,8
554560,8
554609,7
554670,8
554753,69
554801,118
554853,10
554885,8
554922,4
554956,8
554961,6
555030,195
555058,131
555083,7
555108,8
555135,11
555147,5
555151,78
555180,11
555186,8
555191,10
555193,10
555206,7
555250,6
555257,9
555275,6
555277,8
555299,9
555301,7
555310,9
555326,5
555334,7
555428,6
555478,108
555484,9
555492,9
555499,8
555521,6
555563,8
555587,8
555600,8
555648,9
555698,6
555710,6
555751,8
555770,10
555773,296
555782,5
555784,7
555796,8
555850,10
555852,9
555894,7
555934,8
555997,9
556015,10
556019,6
556043,8
556052,10
556067,9
556111,6
556119,10
556127,9
556138,8
556214,8
556215,10
556268,12
556274,337
556314,102
556347,11
556391,6
556533,8
556622,7
556623,8
556647,6
556673,8
556714,8
556744,7
556824,8
556827,9
556830,7
556841,7
556887,91
556904,8
556906,10
557005,70
557033,9
557036,109
557055,14
557107,8
557108,4
557118,9
557134,8
557236,8
557262,72
557282,7
557298,7
557307,9
557314,9
557343,13
557402,8
557449,8
557476,13
557492,9
557496,9
557508,9
557525,7
557562,8
557569,132
557643,8
557672,8
557692,9
557726,70
557762,289
557794,8
557815,7
557834,103
557851,6
557875,11
557876,8
557879,7
557887,6
557921,9
557932,10
557956,7
557957,6
557963,80
557986,10
558018,7
558019,11
558081,8
558114,44
558138,8
558202,5
558204,9
558251,8
558270,9
558277,10
558294,7
558300,7
558362,7
558388,7
558394,7
558437,6
558466,9
558489,11
558506,7
558513,7
558651,9
558659,6
558682,7
558774,9
558786,10
558838,7
558851,100
558920,7
558966,8
558987,11
558988,10
559068,14
559071,8
559093,8
559107,8
559112,6
559146,7
559148,8
559164,8
559176,6
559194,102
559211,8
559226,5
559228,4
559266,7
559277,10
559324,7
559345,7
559368,9
559407,8
559432,225
559441,8
559464,8
559468,11
559469,11
559473,11
559520,8
559537,7
559661,43
559695,6
559712,8
559772,7
559775,9
559782,7
559787,75
559794,9
559834,5
559846,7
559863,7
559901,10
559918,7
559936,8
559981,8
559995,7
560015,7
560035,6
560065,8
560078,8
560085,7
560090,8
560125,6
560175,11
560195,9
560213,6
560245,9
560273,6
560291,9
560341,6
560362,6
560367,7
560374,9
560468,8
560478,10
560497,8
560508,8
560511,9
560519,13
560627,88
560672,7
560680,7
560733,7
560739,71
560747,8
560796,9
560803,9
560854,76
560870,6
560888,8
560897,7
560915,8
560929,10
560949,7
560978,57
560991,11
561013,8
561031,7
561033,9
561037,7
561054,71
561201,132
561243,8
561326,8
561331,8
561339,9
561353,7
561367,10
561386,9
561503,10
561642,6
561652,7
561653,8
561665,7
561687,5
561699,7
561707,9
561710,8
561798,6
561837,7
561846,56
561864,11
561896,10
561908,9
561945,7
561950,8
561992,6
561994,9
562010,8
562042,7
562108,8
562148,9
562161,7
562192,6
562209,7
562238,8
562275,8
562315,7
562334,7
562338,9
562362,11
562398,9
562416,5
562417,9
562428,8
562490,125
562529,9
562576,280
562585,6
562612,6
562641,11
562648,7
562708,8
562832,9
562843,7
562869,9
562886,8
562894,8
563021,6
563059,10
563100,6
563148,32
563162,7
563165,6
563201,8
563221,10
563253,6
563254,10
563266,8
563315,7
563335,6
563340,7
563342,10
563343,5
563375,9
563410,6
563425,12
563482,13
563483,8
563489,8
563507,8
563544,9
563588,10
563592,8
563598,3
563711,7
563731,7
563735,7
563736,7
563740,9
563773,6
563787,9
563831,303
563853,6
563882,9
563896,6
563956,9
563995,10
564052,10
564100,8
564101,104
564112,8
564182,7
564204,8
564219,7
564234,7
564252,7
564258,9
564306,11
564312,6
564364,9
564377,9
564430,10
564495,8
564517,10
564534,7
564593,4
564596,7
564604,6
564606,8
564616,9
564620,9
564699,9
564713,98
564736,8
564737,7
564792,7
564842,8
564854,6
564962,9
565070,5
565109,9
565114,8
565131,7
565212,11
565251,8
565265,9
565275,6
565280,147
565294,7
565301,10
565365,4
565377,9
565387,133
565419,11
565459,9
565460,8
565464,9
565467,10
565510,7
565511,305
565514,8
565565,10
565573,9
565582,8
565718,11
565755,9
565764,7
565768,10
565791,7
565827,82
565841,6
565902,6
565910,8
565912,8
565915,5
565935,9
565949,8
566008,7
566032,9
566044,129
566059,52
566061,9
566096,9
566152,10
566173,16
566174,7
566196,7
566275,11
566279,9
566312,8
566336,7
566338,9
566366,8
566424,12
566432,8
566455,8
566489,10
566533,197
566547,10
566614,8
566625,9
566626,6
566650,11
566682,8
566702,5
566726,10
566735,9
566762,8
566770,5
566787,5
566815,10
566861,7
566875,7
566881,8
566953,83
566964,8
566992,9
566996,10
566998,8
566999,9
567061,9
567172,8
567195,6
567211,10
567219,8
567243,8
567256,8
567431,9
567432,11
567448,6
567458,13
567478,98
567518,6
567547,7
567548,8
567558,7
567563,10
567643,11
567651,9
567682,8
567778,8
567849,8
567885,10
567906,8
567950,50
567961,7
568004,9
568013,8
568060,8
568064,6
568078,8
568086,5
568093,8
568101,7
568105,10
568121,10
568167,10
568182,9
568325,9
568371,8
568385,8
568416,8
568463,6
568486,7
568602,10
568605,98
568641,10
568696,8
568713,7
568716,47
568773,8
568790,8
568931,43
568970,12
569031,102
569082,9
569150,7
569170,7
569180,9
569203,8
569236,7
569239,7
569243,8
569300,9
569342,7
569364,6
569458,7
569466,6
569472,11
569530,8
569534,8
569572,8
569733,8
569754,7
569779,6
569788,7
569792,7
569817,7
569829,8
569832,14
569863,10
569883,10
569920,6
569923,6
570021,9
570076,102
570144,12
570162,8
570215,7
570219,8
570224,9
570226,7
570279,7
570291,8
570330,6
570346,7
570369,8
570418,68
570436,8
570439,8
570600,169
570601,8
570625,11
570626,8
570631,8
570639,9
570654,6
570666,8
570683,6
570692,11
570693,8
570697,8
570713,8
570746,10
570750,171
570782,11
570821,7
570829,9
570837,6
570928,10
570945,7
570961,197
570988,6
571015,8
571084,5
571200,8
571208,117
571233,5
571243,8
571251,7
571300,7
571348,7
571363,8
571429,8
571454,11
571523,8
571525,7
571553,8
571560,11
571566,8
571580,132
571610,4
571637,9
571639,5
571643,7
571819,6
571864,6
571876,8
571888,86
571913,6
572176,5
572290,8
572396,9
572428,6
572479,7
572489,80
572502,11
572529,9
572538,10
572554,8
572578,10
572591,8
572609,7
572632,7
572669,13
572728,48
572744,7
572826,10
572898,8
572908,8
572992,8
573010,100
573011,10
573040,7
573086,7
573122,9
573147,7
573153,8
573189,7
573191,46
573237,11
573244,7
573249,8
573291,7
573365,253
573373,8
573378,8
573379,8
573420,9
573427,8
573493,9
573518,10
573564,9
573584,9
573588,6
573621,10
573648,45
573670,9
573698,144
573704,8
573719,5
573720,8
573792,6
573807,6
573841,7
573922,9
573931,8
573939,6
573946,6
573988,9
574003,83
574071,8
574104,8
574134,10
574150,7
574206,6
574279,10
574409,5
574419,7
574440,9
574465,8
574467,9
574489,7
574493,7
574513,7
574603,7
574625,9
574680,8
574794,6
574840,8
574885,7
574909,8
574987,7
575051,8
575055,8
575131,8
575208,5
575233,8
575253,7
575299,7
575419,6
575433,8
575459,8
575500,7
575528,5
575554,4
575561,8
575576,7
575677,8
575711,8
575756,127
575774,10
575809,8
575823,9
575868,7
575908,7
575923,8
575971,9
576040,6
576103,7
576136,6
576159,6
576169,10
576231,6
576272,8
576357,8
576366,7
576369,5
576370,77
576373,8
576541,81
576612,8
576663,6
576677,9
576691,8
576765,246
576833,9
576849,9
576879,7
576945,9
576962,281
576966,8
576985,8
577007,9
577044,9
577046,8
577074,8
577089,9
577115,9
577145,10
577180,8
577208,10
577215,10
577216,12
577225,9
577255,8
577287,7
577356,10
577386,12
577410,7
577534,7
577539,8
577541,9
577598,70
577617,9
577625,7
577626,8
577638,9
577667,11
577682,10
577851,33
577901,124
577915,8
577921,6
577930,13
577984,10
578058,8
578088,8
578120,11
578164,8
578396,6
578459,11
578488,7
578503,8
578511,7
578549,8
578607,7
578824,8
578872,7
578886,225
578892,9
578929,7
578938,7
578947,9
578993,13
579021,4
579065,7
579230,12
579275,40
579307,8
579323,12
579404,9
579547,8
579589,8
579707,8
579792,56
579804,8
579829,6
579950,10
580077,9
580211,8
580212,8
580402,9
580460,7
580515,10
580578,8
580611,6
580626,116
580658,6
580902,7
580944,5
580971,9
581005,9
581085,7
581086,4
581091,10
581111,6
581120,6
581239,7
581269,8
581307,7
581343,99
581365,9
581388,6
581409,9
581412,9
581438,10
581491,124
581527,8
581577,8
581666,9
581679,119
581685,10
581721,8
581729,223
581770,8
581835,10
581858,10
581901,10
582011,7
582038,7
582227,7
582254,7
582319,91
582320,10
582326,9
582333,7
582343,8
582446,92
582482,11
582484,8
582577,9
582636,9
582664,11
582723,10
582768,52
582785,8
582801,86
582828,8
582833,6
582903,3
582979,8
582995,9
583016,8
583023,6
583038,6
583052,5
583070,8
583087,9
583120,100
583134,5
583166,263
583200,9
583297,10
583335,8
583336,5
583446,9
583454,9
583483,5
583486,8
583499,9
583526,11
583612,90
583623,9
583664,7
583759,8
583764,10
583931,8
583976,8
584001,10
584012,9
584030,7
584034,9
584115,230
584134,6
584185,8
584247,9
584288,10
584423,5
584459,9
584525,8
584530,7
584531,9
584537,7
584549,9
584591,6
584666,7
584787,7
584843,8
584844,10
584875,9
584912,8
584977,9
584998,9
585187,7
585248,8
585310,7
585492,9
585583,9
585585,8
585595,177
585650,10
585717,7
585722,11
585745,8
585768,5
585832,8
585882,5
585915,8
585946,7
585965,10
585986,11
586006,12
586038,10
586063,6
586077,8
586096,10
586122,13
586124,8
586192,70
586251,118
586270,8
586272,86
586312,10
586384,9
586471,4
586631,9
586637,11
586644,7
586656,12
586672,7
586701,9
586732,9
586762,7
586774,10
586811,96
586820,8
586850,9
586876,7
586887,9
586936,10
586953,8
587134,9
587195,7
587234,85
587304,7
587313,6
587373,6
587459,7
587470,7
587483,6
587538,9
587577,6
587675,90
587698,5
587754,72
587802,6
587810,5
587899,8
588013,9
588048,9
588103,7
588313,9
588355,9
588370,7
588386,132
588391,6
588414,7
588497,4
588507,89
588582,9
588677,9
588732,8
588797,97
588820,11
588893,9
588919,9
589121,7
589140,8
589154,6
589162,8
589164,6
589171,4
589228,7
589259,8
589306,8
589311,8
589404,11
589405,6
589414,7
589489,7
589630,7
589650,11
589758,9
589775,8
589812,5
589868,9
589884,6
589977,8
589995,8
590014,8
590040,8
590077,6
590095,8
590103,7
590123,112
590130,11
590163,7
590202,9
590227,9
590230,8
590379,9
590394,8
590400,7
590404,8
590412,5
590420,5
590429,8
590434,8
590442,8
590468,9
590471,70
590473,10
590558,7
590697,5
590744,8
590829,6
590905,8
590922,6
590954,8
590967,8
590981,8
591003,9
591063,99
591097,8
591155,6
591255,6
591381,10
591433,12
591582,7
591593,116
591599,6
591714,6
591746,7
591888,10
592035,7
592082,11
592132,9
592158,8
592221,7
592366,6
592371,8
592372,157
592378,227
592399,7
592403,352
592445,9
592491,9
592598,46
592707,17
592792,8
592833,8
592886,8
592929,6
593020,5
593244,7
593350,7
593385,10
593386,9
593401,5
593494,8
593536,7
593632,7
593672,5
593719,10
593786,8
593804,253
593833,2
593910,8
594027,4
594042,8
594103,9
594123,8
594188,6
594238,8
594240,9
594406,8
594410,365
594446,142
594449,8
594503,4
594601,8
594644,7
594695,6
594737,8
594824,7
594892,9
594914,11
594948,5
594985,10
595026,7
595087,8
595122,88
595123,130
595126,140
595171,9
595184,6
595257,7
595283,6
595284,10
595386,8
595414,8
595431,10
595442,8
595527,115
595587,62
595624,12
595626,9
595740,11
595852,9
595861,7
595958,47
596103,8
596153,8
596186,6
596220,6
596222,8
596320,5
596335,8
596361,6
596409,8
596505,8
596559,156
596732,11
596820,10
596856,9
596863,85
597003,6
597010,7
597029,10
597300,10
597410,6
597434,56
597498,9
597510,8
597734,9
597836,9
597878,7
597946,8
597954,8
598069,7
598075,5
598185,169
598233,7
598265,10
598276,9
598306,7
598533,112
598590,10
598687,9
598691,9
598692,5
598715,7
598881,9
598911,7
598945,13
599065,6
599239,7
599244,8
599311,7
599335,9
599348,9
599437,8
599454,8
599649,7
599657,6
599765,10
599833,10
599927,8
600011,7
600018,8
600057,8
600078,7
600265,225
600287,9
600304,7
600351,8
600395,7
600444,8
600515,7
600561,9
600605,7
600648,9
600690,8
600750,8
600842,248
600886,6
600926,8
600930,6
601104,9
601116,6
601158,7
601282,7
601582,6
601673,8
601882,6
601894,6
601917,8
602120,8
602190,12
602323,14
602433,7
602476,9
602598,9
602656,8
602734,7
602748,47
602769,8
602793,6
602827,7
602918,8
602921,8
602925,8
602946,8
602953,7
602962,10
603033,326
603053,6
603160,7
603278,6
603296,9
603345,6
603440,76
603515,9
603592,7
603635,94
603715,8
603809,8
603875,7
603883,13
604136,6
604355,7
604388,5
604592,113
604617,10
604688,6
604804,7
604840,9
604982,10
605004,7
605096,6
605311,7
605439,14
605494,8
605558,7
605607,5
605615,74
605619,8
605776,132
605780,9
605878,8
605943,224
605945,9
606041,6
606060,9
606094,9
606161,9
606283,6
606290,8
606333,8
606362,13
606568,12
606635,8
606648,6
606762,8
606862,7
606930,7
607017,7
607028,7
607152,7
607197,151
607270,7
607280,5
607350,7
607706,4
607799,8
607931,10
607949,6
607998,8
608039,8
608086,50
608287,8
608296,7
608343,4
608478,9
608520,8
608521,8
608629,9
608725,6
608727,8
608764,5
608820,88
608823,140
608860,7
608866,7
608970,8
609051,7
609102,10
609167,8
609221,10
609228,8
609230,9
609236,9
609240,8
609243,8
609262,6
609393,9
609413,7
609673,7
609683,231
609720,7
609800,9
609817,8
609838,295
609868,8
610144,9
610226,5
610294,6
610306,8
610338,116
610395,8
610474,6
610482,6
610492,219
610670,7
610763,7
610793,7
610806,7
610909,8
611065,7
611087,9
611126,6
611177,7
611251,9
611350,11
611371,10
611583,7
611839,9
611852,7
611887,7
611954,10
612002,74
612128,9
612175,8
612220,81
612236,6
612562,136
612685,10
612797,4
613164,9
613275,8
613383,12
613442,8
613655,7
613874,8
613921,6
613941,7
614033,10
614111,10
614165,6
614311,109
614412,7
614549,10
614595,155
614632,6
614668,7
614748,6
614793,7
614828,9
614918,7
614933,8
615006,7
615266,8
615307,6
615489,81
615544,7
615749,9
615783,13
615922,6
616125,11
616222,9
616461,8
616470,8
616491,7
616518,9
616692,10
616715,8
616718,7
616752,9
616789,281
616795,9
616802,53
616950,11
616992,54
617052,6
617125,7
617199,7
617402,8
617407,7
617458,10
617506,9
617743,6
617878,9
617994,5
618063,7
618088,6
618157,78
618181,7
618201,8
618266,162
618308,8
618392,8
618418,6
618429,9
618535,6
618642,7
618759,6
618780,10
618881,11
619079,8
619109,8
619218,6
619321,8
619362,7
619432,80
619520,8
619615,8
619918,10
620033,243
620274,9
620300,8
620382,7
620394,5
620453,5
620690,10
620884,7
620972,8
620991,7
621072,8
621081,7
621291,7
621607,8
621665,9
621811,8
621849,8
621922,9
622149,4
622248,6
622293,101
622343,4
622418,6
622464,8
622708,11
622813,8
623043,8
623077,9
623087,9
623142,117
623691,225
623750,8
623815,8
623850,6
623935,225
623941,7
623949,10
623972,7
624198,9
624215,8
624258,11
624497,7
624593,6
624636,8
624762,7
624913,9
625030,10
625089,10
625398,6
625400,9
625555,81
625597,5
625703,7
625984,6
626318,6
626329,6
626519,8
626520,9
626645,8
626986,8
627041,8
627158,8
627176,8
627436,7
627451,8
627518,9
627617,6
627889,7
627893,9
627972,8
628023,9
628033,10
628570,9
628653,7
628671,8
628694,10
628752,12
629647,9
629701,8
629725,7
629803,8
629812,134
629877,6
629952,7
630039,12
630097,8
630176,9
630178,8
630267,7
630609,8
630694,9
630738,9
631174,12
631201,7
631319,7
631388,5
631477,5
631787,11
631970,9
631975,4
631993,7
632136,6
632239,9
632316,7
632425,8
632461,6
632475,24
632631,10
632665,9
632749,5
632965,9
632988,9
633183,6
633195,7
633314,8
633406,7
633725,8
634130,4
634795,11
634824,7
635249,9
635300,7
635303,8
635442,7
635576,9
635587,6
635666,188
635790,8
635861,5
635949,7
636078,8
636102,8
636520,8
636524,8
636526,6
636739,4
636873,9
636874,9
636966,8
637075,8
637086,9
637421,4
637457,7
637633,6
637687,8
638140,8
638162,7
638565,7
638576,9
638598,15
638874,9
639009,9
639168,6
639458,8
639510,9
639554,7
639571,8
639894,9
640580,7
640649,9
640689,5
640715,8
640849,9
640867,7
640968,6
641012,6
641102,10
641106,9
641310,4
641364,8
641537,8
642344,10
642364,11
642553,10
642578,10
642679,9
642786,8
642820,7
643344,9
643359,8
643469,12
643645,8
643714,99
643929,7
644467,10
644784,7
644870,9
645047,5
645168,109
645415,5
645685,7
645933,10
645939,324
646257,10
646405,10
646424,6
646455,10
646933,8
646937,7
647555,10
647597,7
647662,6
647674,9
647804,7
648379,7
648852,5
648983,7
648990,9
649080,7
649081,6
649208,12
649378,9
650049,281
650055,7
650079,7
650901,7
651018,6
651030,11
651193,92
651201,9
651269,9
651390,7
651491,8
651613,8
651675,6
651744,9
651805,8
651818,13
651828,8
652040,6
652359,13
652416,10
652527,5
652737,8
653281,6
653332,7
653640,119
653724,8
653838,97
653852,7
654233,7
654259,7
654395,7
654687,6
654913,10
655051,13
655166,187
655300,9
655499,13
656150,4
656346,8
656422,8
656471,5
656560,5
656708,11
656873,9
656920,7
657122,7
657343,7
657591,7
657629,10
657796,7
658234,7
658528,9
658774,12
659128,9
659161,9
659162,8
659360,214
659664,7
659744,6
659832,7
660110,6
661639,9
661697,6
662010,7
662535,9
662596,5
663017,8
663376,5
663565,7
664084,11
664401,85
664405,4
664617,5
664663,10
664998,11
665329,7
665397,9
665505,8
665593,9
665676,9
665746,131
665887,6
665892,9
666049,8
666174,8
666292,208
666718,6
667536,9
667718,69
667916,92
667929,10
667981,8
668083,253
668172,7
668677,10
668776,6
669140,5
669329,8
669348,6
669356,13
669449,64
670471,8
670626,9
670971,10
671066,5
671151,73
671367,8
671368,10
671975,8
672009,8
672112,14
672468,10
673076,6
673874,6
674375,7
675053,9
675201,9
675594,9
676373,6
676570,5
676707,5
676762,8
677209,11
677896,9
678547,4
678888,6
679040,8
679047,12
679066,9
679442,11
679611,6
679831,2
680424,6
680735,8
681050,7
681581,7
681720,11
682247,8
683014,7
683978,9
684510,6
684521,5
684543,9
684764,15
684806,6
685594,8
685604,9
686165,9
686408,11
686509,167
686920,9
688600,11
689037,10
689374,7
689624,8
689984,7
690420,8
690422,6
691334,7
691541,322
691546,8
692211,159
692510,8
693301,10
693729,9
693765,9
694265,328
695011,7
695094,7
695132,10
695307,9
695557,7
696475,6
697072,7
698291,7
698573,7
699040,9
699411,7
700028,7
700237,9
701565,10
702595,7
702877,5
703333,8
704652,7
704870,8
705215,7
705310,7
707260,7
707525,118
709630,1
710489,8
711391,10
713557,7
714166,4
714420,11
714504,7
714565,7
715059,9
716337,4
716801,297
717149,4
717546,11
720819,5
720860,8
721496,7
721552,8
721570,323
722828,12
722939,10
724581,8
726953,9
727886,49
728820,332
732729,7
733654,194
734565,8
735029,6
736075,7
736833,9
739518,7
741773,7
741902,7
742639,9
745292,9
750982,8
751545,8
756030,6
756434,5
757930,9
760304,9
760793,7
765745,8
767426,10
768291,144
770252,234
774666,5
777366,9
777846,10
780167,6
785107,8
785186,4
792549,6
796032,56
801660,7
811077,11
