user_id,all_trips,f_h_trips,f_trips,h_trips
23557,2,0,0,2
94883,2,2,0,0
101486,2,1,0,1
101961,5,5,0,0
106907,1,1,0,0
118043,5,2,1,2
120851,1,1,0,0
125845,3,3,0,0
133058,1,0,1,0
149058,5,5,0,0
152583,1,1,0,0
153982,3,3,0,0
160754,1,1,0,0
164522,1,1,0,0
167852,0,0,0,0
171470,2,2,0,0
174997,3,3,0,0
175032,3,2,0,1
181157,3,3,0,0
182191,1,1,0,0
187212,3,3,0,0
189676,2,1,0,1
190866,5,5,0,0
195192,1,1,0,0
204943,6,6,0,0
204997,4,3,1,0
205044,3,3,0,0
206011,4,3,1,0
216796,1,1,0,0
217114,0,0,0,0
217136,2,1,0,1
220725,4,3,1,0
224996,2,1,1,0
226367,3,3,0,0
228195,0,0,0,0
228872,2,1,0,1
229009,3,3,0,0
229108,1,1,0,0
229330,4,4,0,0
232647,2,0,1,1
249521,2,1,0,1
252835,5,4,1,0
258451,1,1,0,0
264470,2,2,0,0
276512,1,1,0,0
281952,2,2,0,0
283325,2,1,0,1
290123,7,6,1,0
297546,5,4,0,1
298253,1,0,1,0
299476,1,1,0,0
306165,0,0,0,0
306819,2,2,0,0
312488,1,1,0,0
313724,5,4,0,1
316527,4,4,0,0
317688,4,4,0,0
322867,1,1,0,0
324191,2,2,0,0
328590,3,3,0,0
330764,3,1,0,2
330893,3,3,0,0
331039,1,1,0,0
334787,3,3,0,0
337227,0,0,0,0
338086,2,2,0,0
340166,1,0,0,1
343928,2,1,1,0
347778,5,4,1,0
348817,4,3,0,1
348863,0,0,0,0
349132,3,2,0,1
350648,1,1,0,0
353271,1,1,0,0
353694,2,2,0,0
354050,5,5,0,0
354260,2,1,1,0
354311,2,1,1,0
354950,1,1,0,0
356046,2,2,0,0
357737,5,4,0,1
359072,3,3,0,0
359080,4,2,2,0
359653,2,2,0,0
361459,1,1,0,0
361759,4,3,1,0
363535,3,3,0,0
365825,2,2,0,0
371201,1,0,1,0
372970,2,2,0,0
373489,1,1,0,0
374331,2,1,0,1
374340,1,0,1,0
374341,3,0,0,3
375160,0,0,0,0
375729,3,3,0,0
375751,3,2,1,0
376159,2,1,0,1
377069,1,1,0,0
377411,2,2,0,0
378565,5,2,0,3
379543,3,3,0,0
380434,3,3,0,0
380436,1,1,0,0
380757,3,3,0,0
380874,3,3,0,0
380949,5,4,1,0
381259,1,1,0,0
381465,4,2,0,2
382181,3,2,1,0
382384,1,1,0,0
382533,0,0,0,0
385689,4,3,0,1
386255,1,0,0,1
386469,0,0,0,0
386914,2,2,0,0
387282,1,0,0,1
387783,3,1,0,2
388328,5,3,0,2
388767,1,1,0,0
388947,3,2,1,0
389434,5,5,0,0
389662,3,2,0,1
389759,3,3,0,0
390811,3,3,0,0
392453,1,1,0,0
395202,1,0,0,1
395981,3,3,0,0
396552,4,4,0,0
399137,4,2,0,2
399218,2,1,1,0
399799,4,4,0,0
400275,2,1,1,0
400582,4,3,0,1
400899,3,3,0,0
401245,3,2,1,0
402332,2,2,0,0
402978,4,4,0,0
403881,4,4,0,0
404879,4,3,1,0
405305,3,3,0,0
406210,2,2,0,0
407118,3,3,0,0
407250,4,3,1,0
407275,4,3,1,0
407434,1,0,0,1
407642,2,2,0,0
408551,2,2,0,0
409073,3,3,0,0
411179,3,2,0,1
411701,2,1,0,1
413128,5,4,0,1
413340,3,1,2,0
413418,3,1,1,1
413658,3,2,0,1
414128,4,3,0,1
415282,2,2,0,0
415381,3,2,1,0
415581,3,3,0,0
416319,2,2,0,0
416580,5,4,1,0
417679,5,4,1,0
418329,3,3,0,0
418488,4,4,0,0
418692,3,3,0,0
420648,3,1,1,1
420669,4,3,0,1
421247,4,4,0,0
421515,2,2,0,0
421666,2,2,0,0
421700,3,3,0,0
421870,3,2,1,0
422066,4,4,0,0
422668,0,0,0,0
423042,6,3,1,2
423413,1,0,0,1
424553,3,1,0,2
425632,3,1,1,1
425653,0,0,0,0
425953,4,4,0,0
425966,2,2,0,0
426478,2,1,0,1
427426,3,2,1,0
427506,3,3,0,0
428056,4,3,1,0
428552,2,2,0,0
428858,3,2,0,1
429345,1,0,0,1
429375,3,3,0,0
430722,3,3,0,0
431144,2,1,0,1
431337,3,3,0,0
431602,3,3,0,0
431746,1,1,0,0
431899,1,1,0,0
431912,1,0,1,0
432333,2,1,0,1
432637,3,3,0,0
432941,4,3,0,1
433080,4,4,0,0
433339,2,1,0,1
433905,1,0,0,1
434238,2,1,1,0
434623,4,4,0,0
435231,2,1,0,1
435596,2,2,0,0
435669,2,2,0,0
435837,1,0,0,1
435882,3,3,0,0
436320,2,2,0,0
436894,2,2,0,0
437069,5,5,0,0
437162,2,2,0,0
437251,3,3,0,0
437539,5,5,0,0
437549,3,3,0,0
438189,6,5,1,0
438406,4,3,1,0
438551,3,1,0,2
438596,2,1,0,1
438839,3,3,0,0
438937,2,2,0,0
438985,3,3,0,0
438995,0,0,0,0
439052,4,4,0,0
439120,2,1,1,0
439363,4,2,1,1
440212,1,1,0,0
440655,3,3,0,0
441200,3,1,1,1
441205,2,0,2,0
441448,1,1,0,0
441457,3,2,0,1
441982,5,3,2,0
442484,3,1,2,0
442718,4,2,2,0
442812,1,0,0,1
442819,1,1,0,0
442833,4,4,0,0
443305,1,1,0,0
443453,4,4,0,0
443598,2,2,0,0
443652,4,4,0,0
444387,3,2,1,0
444885,1,1,0,0
445351,4,3,1,0
445515,2,2,0,0
446124,5,5,0,0
446138,3,2,0,1
446473,3,2,1,0
446933,4,4,0,0
447053,2,2,0,0
447591,1,1,0,0
447737,3,2,1,0
447951,2,2,0,0
448025,1,1,0,0
448154,2,1,1,0
448295,2,2,0,0
448467,2,0,0,2
448564,5,4,0,1
449033,5,5,0,0
449326,2,2,0,0
449619,3,3,0,0
449804,3,3,0,0
449980,1,1,0,0
450164,4,4,0,0
450193,2,2,0,0
450305,3,2,0,1
450615,4,3,1,0
451291,4,1,3,0
451674,0,0,0,0
452034,3,3,0,0
452532,3,1,2,0
452594,4,3,0,1
452612,2,2,0,0
453143,5,4,0,1
453168,4,3,1,0
454264,1,0,1,0
454430,3,2,0,1
454616,1,1,0,0
454661,3,3,0,0
454920,5,5,0,0
454934,3,3,0,0
454955,1,1,0,0
456226,5,4,1,0
456318,1,1,0,0
456663,2,2,0,0
456671,1,1,0,0
457468,4,2,0,2
457599,5,3,1,1
457967,0,0,0,0
458479,4,3,0,1
458688,2,1,1,0
458725,0,0,0,0
458762,4,0,3,1
458814,4,2,1,1
458855,2,2,0,0
458919,2,2,0,0
459229,4,3,1,0
459486,2,1,1,0
459645,1,1,0,0
460072,2,1,0,1
460181,2,1,0,1
460553,3,1,0,2
460625,5,4,0,1
461559,4,3,1,0
461744,2,1,0,1
461791,3,2,1,0
462127,2,1,1,0
462456,5,3,2,0
462894,1,0,1,0
463652,1,1,0,0
463698,4,4,0,0
463783,4,1,2,1
463867,2,2,0,0
463910,5,5,0,0
464080,1,1,0,0
464160,2,1,0,1
464239,3,3,0,0
464542,1,1,0,0
464597,1,0,0,1
464614,4,4,0,0
464673,4,1,2,1
464782,2,1,0,1
464855,2,2,0,0
465138,4,4,0,0
465343,2,2,0,0
465531,2,2,0,0
465568,1,0,0,1
465731,3,3,0,0
466205,4,2,0,2
466342,2,0,0,2
466723,4,4,0,0
467007,4,1,2,1
467092,1,1,0,0
467339,3,2,1,0
467809,3,3,0,0
467892,5,4,0,1
468106,4,2,2,0
468370,4,2,0,2
468409,5,5,0,0
468666,3,3,0,0
468801,3,2,1,0
468808,4,3,1,0
468832,5,4,0,1
469237,1,0,0,1
469418,0,0,0,0
469440,4,3,1,0
469464,4,1,1,2
469699,2,1,0,1
469767,4,4,0,0
469824,3,2,0,1
471077,6,5,1,0
471161,2,2,0,0
471186,2,2,0,0
471500,3,1,0,2
471565,2,1,0,1
471649,1,0,0,1
471687,4,4,0,0
471717,3,3,0,0
471935,3,2,0,1
471946,1,0,0,1
471973,0,0,0,0
472394,2,1,0,1
472446,2,1,1,0
472614,2,2,0,0
472713,4,4,0,0
472785,3,2,1,0
472966,2,2,0,0
473332,4,2,1,1
473343,3,3,0,0
473402,3,3,0,0
473467,4,2,1,1
473568,1,1,0,0
473712,6,4,1,1
473847,1,1,0,0
474007,1,1,0,0
474120,4,4,0,0
474239,1,1,0,0
474261,3,1,0,2
474278,0,0,0,0
474384,4,3,1,0
474464,3,2,1,0
474546,5,4,1,0
474951,5,5,0,0
474980,3,2,0,1
475060,2,2,0,0
475130,6,5,1,0
475467,3,3,0,0
475531,4,3,1,0
476081,4,2,1,1
476104,7,6,0,1
476124,3,3,0,0
476173,1,0,0,1
476270,3,2,0,1
476393,2,2,0,0
476436,4,4,0,0
476535,4,3,1,0
476665,6,6,0,0
476693,4,4,0,0
476714,3,3,0,0
476742,2,0,1,1
476916,0,0,0,0
476956,3,2,0,1
477285,2,2,0,0
477316,4,3,0,1
477597,2,2,0,0
477730,5,5,0,0
477805,1,0,0,1
478003,3,2,1,0
478146,3,2,0,1
478188,3,2,0,1
478228,2,1,0,1
478291,2,2,0,0
478533,1,1,0,0
478585,5,4,1,0
478760,2,1,0,1
478801,3,3,0,0
478834,0,0,0,0
479071,5,4,0,1
479078,1,1,0,0
479101,1,1,0,0
479254,3,3,0,0
479524,1,1,0,0
479785,0,0,0,0
480186,0,0,0,0
480313,3,3,0,0
480331,3,3,0,0
480690,4,4,0,0
480796,3,2,0,1
480877,4,3,1,0
480895,3,3,0,0
480975,0,0,0,0
481050,2,1,0,1
481245,2,2,0,0
481292,4,3,1,0
481358,1,0,1,0
481554,5,5,0,0
481622,4,4,0,0
481772,3,0,1,2
481781,0,0,0,0
482264,4,3,0,1
482335,1,0,0,1
482424,4,3,0,1
482548,4,4,0,0
482602,4,2,2,0
482621,2,1,0,1
482630,2,2,0,0
482744,4,4,0,0
482811,1,1,0,0
483224,3,1,2,0
483237,4,4,0,0
483345,5,5,0,0
483480,5,3,0,2
483483,2,2,0,0
483525,1,1,0,0
483603,4,3,1,0
483928,5,5,0,0
483982,2,2,0,0
484249,3,3,0,0
484342,1,1,0,0
484418,3,3,0,0
484987,4,4,0,0
485149,3,3,0,0
485260,2,2,0,0
485393,1,1,0,0
485505,2,2,0,0
485518,0,0,0,0
485536,0,0,0,0
485544,8,7,1,0
485591,4,3,0,1
485658,3,3,0,0
485780,3,2,0,1
485785,3,1,1,1
485891,2,2,0,0
485894,3,2,0,1
486046,1,0,0,1
486113,2,2,0,0
486191,1,0,0,1
486261,2,1,0,1
486268,0,0,0,0
486270,3,2,0,1
486366,3,1,0,2
486447,1,1,0,0
486454,3,3,0,0
486605,1,1,0,0
486671,5,4,1,0
486751,4,3,1,0
486823,3,2,1,0
487002,1,1,0,0
487036,1,1,0,0
487040,3,2,1,0
487101,4,4,0,0
487276,4,3,0,1
487352,2,1,0,1
487453,6,5,1,0
487637,3,2,0,1
487680,3,3,0,0
487715,5,4,1,0
487858,3,2,0,1
487954,4,3,0,1
488009,2,1,1,0
488099,0,0,0,0
488246,1,0,0,1
488314,4,4,0,0
488410,3,3,0,0
488430,1,1,0,0
488462,5,4,0,1
488480,3,1,1,1
488511,3,2,0,1
488529,3,3,0,0
488539,0,0,0,0
488672,4,3,0,1
488827,6,4,2,0
488865,3,3,0,0
488870,3,3,0,0
488918,6,5,1,0
488974,3,2,1,0
489096,3,3,0,0
489131,0,0,0,0
489575,4,4,0,0
489635,4,4,0,0
489661,1,0,0,1
489730,4,2,2,0
489785,3,3,0,0
489786,0,0,0,0
489802,1,1,0,0
489844,3,2,0,1
489852,2,1,0,1
489949,3,3,0,0
489953,6,5,1,0
489992,3,2,0,1
490040,3,3,0,0
490107,5,5,0,0
490133,5,3,0,2
490201,2,2,0,0
490348,1,1,0,0
490358,2,2,0,0
490517,3,1,2,0
490576,2,2,0,0
490608,2,1,1,0
490629,4,4,0,0
490671,4,3,1,0
491003,1,1,0,0
491124,4,3,0,1
491141,5,4,1,0
491175,4,4,0,0
491182,5,5,0,0
491241,3,2,1,0
491266,3,1,2,0
491559,3,3,0,0
491597,2,2,0,0
491617,4,3,0,1
491706,2,1,1,0
491772,4,3,0,1
491925,6,4,1,1
491930,3,3,0,0
491995,1,1,0,0
492209,4,3,1,0
492211,1,1,0,0
492287,2,2,0,0
492371,2,2,0,0
492497,1,1,0,0
492614,0,0,0,0
492999,1,1,0,0
493177,4,4,0,0
493409,5,3,1,1
493476,1,1,0,0
493718,4,3,0,1
494294,4,4,0,0
494374,2,2,0,0
494382,5,3,1,1
494441,0,0,0,0
494463,4,2,2,0
494484,3,1,0,2
494590,4,3,0,1
494630,1,0,0,1
494680,4,3,0,1
494704,6,5,0,1
494985,6,5,1,0
495029,4,3,0,1
495042,5,4,0,1
495080,1,1,0,0
495272,3,2,0,1
495273,6,4,0,2
495386,3,2,1,0
495482,5,3,1,1
495592,0,0,0,0
495603,5,3,1,1
495727,6,6,0,0
496016,4,4,0,0
496074,0,0,0,0
496273,4,2,1,1
496286,3,2,1,0
496332,4,4,0,0
496382,4,2,2,0
496408,5,4,1,0
496566,4,1,2,1
496899,2,2,0,0
496972,3,1,2,0
497042,4,4,0,0
497077,4,4,0,0
497108,3,3,0,0
497225,5,5,0,0
497475,4,1,3,0
497615,3,2,0,1
497678,2,2,0,0
497680,3,2,0,1
497829,2,2,0,0
497915,4,4,0,0
498154,2,2,0,0
498199,3,2,0,1
498287,5,5,0,0
498298,3,1,0,2
498357,5,4,0,1
498363,2,2,0,0
498500,4,3,0,1
498574,4,2,1,1
498607,2,2,0,0
498665,6,6,0,0
498857,3,2,1,0
498931,2,2,0,0
499028,3,3,0,0
499038,4,2,1,1
499252,1,1,0,0
499313,1,1,0,0
499366,4,3,1,0
499375,5,5,0,0
499379,2,1,0,1
499461,2,2,0,0
499475,3,3,0,0
499633,5,2,2,1
499634,1,1,0,0
499659,1,0,0,1
499669,1,1,0,0
499751,4,3,0,1
499760,0,0,0,0
499780,0,0,0,0
499810,3,2,0,1
499847,3,3,0,0
499969,1,0,0,1
499979,5,4,1,0
499990,3,2,1,0
500078,2,2,0,0
500196,2,2,0,0
500243,1,1,0,0
500257,2,2,0,0
500288,0,0,0,0
500299,1,0,0,1
500493,3,1,1,1
500532,1,0,0,1
500646,3,1,0,2
500745,4,1,1,2
500773,4,3,0,1
500791,1,0,0,1
500828,3,2,1,0
500972,3,3,0,0
500974,6,5,0,1
501087,2,2,0,0
501125,2,2,0,0
501184,4,3,0,1
501322,4,3,0,1
501344,1,0,1,0
501436,4,3,1,0
501512,2,2,0,0
501708,1,1,0,0
501735,3,3,0,0
501764,2,2,0,0
501780,0,0,0,0
501794,4,4,0,0
501817,3,3,0,0
501830,2,1,0,1
501897,1,0,0,1
501947,5,3,1,1
502063,1,1,0,0
502145,4,4,0,0
502210,4,3,0,1
502212,1,1,0,0
502353,5,3,1,1
502412,3,2,0,1
502435,2,2,0,0
502444,6,5,1,0
502609,5,5,0,0
502626,2,2,0,0
502799,4,4,0,0
502819,0,0,0,0
502826,3,1,2,0
502847,5,4,0,1
502850,0,0,0,0
502875,3,2,1,0
502995,0,0,0,0
503042,1,1,0,0
503049,0,0,0,0
503058,3,2,0,1
503126,1,0,0,1
503161,0,0,0,0
503277,3,3,0,0
503342,3,3,0,0
503418,5,5,0,0
503483,0,0,0,0
503621,2,1,0,1
503760,5,4,0,1
503773,0,0,0,0
503918,0,0,0,0
503928,2,2,0,0
503945,3,2,1,0
503973,4,2,1,1
504081,2,1,1,0
504133,3,3,0,0
504240,6,5,1,0
504299,3,3,0,0
504320,2,2,0,0
504371,5,4,1,0
504435,4,4,0,0
504473,2,2,0,0
504579,0,0,0,0
504610,1,1,0,0
504665,2,1,0,1
504669,2,2,0,0
504786,3,1,0,2
504859,2,1,0,1
504892,3,1,1,1
504916,1,1,0,0
504936,3,2,0,1
504945,4,4,0,0
505062,3,3,0,0
505066,1,0,0,1
505172,2,2,0,0
505230,3,2,0,1
505285,4,4,0,0
505289,3,3,0,0
505358,3,3,0,0
505414,2,2,0,0
505498,2,1,1,0
505617,2,2,0,0
505667,3,3,0,0
505680,4,3,0,1
505713,4,3,1,0
505747,2,2,0,0
505771,5,4,1,0
505854,5,3,0,2
505916,5,4,0,1
505933,2,2,0,0
505941,3,2,0,1
506013,4,4,0,0
506130,4,4,0,0
506186,3,1,1,1
506234,4,2,1,1
506250,3,3,0,0
506347,0,0,0,0
506427,6,4,1,1
506611,4,1,0,3
506652,3,1,2,0
506675,4,3,0,1
506704,2,1,1,0
506777,1,1,0,0
506807,4,2,2,0
506828,1,1,0,0
506837,3,3,0,0
506858,3,3,0,0
506990,0,0,0,0
507036,2,1,0,1
507133,3,2,0,1
507207,2,0,0,2
507273,4,3,1,0
507376,2,1,0,1
507395,3,3,0,0
507431,4,3,0,1
507435,4,4,0,0
507505,2,2,0,0
507513,0,0,0,0
507531,1,0,0,1
507557,2,1,0,1
507573,3,3,0,0
507617,2,2,0,0
507728,2,2,0,0
507732,5,3,0,2
507753,1,1,0,0
507759,3,3,0,0
507773,3,2,0,1
507805,5,5,0,0
508050,4,3,1,0
508096,3,2,0,1
508111,1,1,0,0
508144,3,3,0,0
508153,2,2,0,0
508240,3,3,0,0
508360,2,2,0,0
508367,4,3,1,0
508497,2,1,0,1
508512,1,0,0,1
508546,3,2,1,0
508611,0,0,0,0
508625,4,2,1,1
508693,3,2,0,1
508713,1,1,0,0
508731,4,3,0,1
508829,4,3,0,1
508848,2,2,0,0
508849,5,2,1,2
508856,1,1,0,0
508857,5,5,0,0
508860,2,2,0,0
508866,3,3,0,0
508877,6,5,1,0
508891,2,0,2,0
508892,3,3,0,0
508901,2,2,0,0
508912,3,2,1,0
508917,2,0,1,1
508923,4,2,1,1
508938,3,3,0,0
508940,4,4,0,0
508944,2,2,0,0
508946,4,3,0,1
508964,0,0,0,0
508973,2,2,0,0
509001,0,0,0,0
509024,1,1,0,0
509036,2,1,1,0
509052,1,1,0,0
509061,3,2,1,0
509069,4,1,1,2
509098,2,1,1,0
509115,8,4,1,3
509119,4,1,1,2
509157,2,2,0,0
509160,2,2,0,0
509162,2,0,0,2
509202,2,1,0,1
509221,4,3,0,1
509242,3,3,0,0
509272,1,0,0,1
509278,3,2,0,1
509282,4,3,0,1
509302,2,2,0,0
509316,4,3,1,0
509324,3,2,1,0
509341,2,1,1,0
509346,3,1,1,1
509353,1,1,0,0
509354,4,1,1,2
509359,4,4,0,0
509402,0,0,0,0
509411,4,2,2,0
509413,2,1,1,0
509414,1,1,0,0
509419,4,4,0,0
509421,4,3,0,1
509435,4,4,0,0
509445,4,2,1,1
509453,3,2,0,1
509454,2,1,0,1
509459,2,0,1,1
509467,2,2,0,0
509498,2,2,0,0
509515,2,1,0,1
509516,3,2,0,1
509530,6,4,1,1
509552,3,0,1,2
509598,3,3,0,0
509603,2,1,0,1
509626,3,3,0,0
509635,3,3,0,0
509638,1,0,1,0
509645,4,4,0,0
509681,4,3,0,1
509712,3,2,0,1
509713,3,3,0,0
509717,4,4,0,0
509749,7,6,0,1
509763,6,5,1,0
509765,4,4,0,0
509781,2,0,1,1
509822,3,3,0,0
509826,1,1,0,0
509841,3,2,1,0
509855,0,0,0,0
509876,0,0,0,0
509892,1,0,0,1
509903,5,5,0,0
509919,3,2,0,1
509924,0,0,0,0
509933,3,2,0,1
509969,1,0,0,1
509990,1,1,0,0
510003,1,1,0,0
510022,4,2,1,1
510044,3,3,0,0
510048,2,2,0,0
510061,5,4,1,0
510067,4,3,0,1
510070,4,2,0,2
510078,3,3,0,0
510079,1,1,0,0
510081,3,1,0,2
510090,1,1,0,0
510093,4,3,1,0
510094,1,1,0,0
510104,3,2,1,0
510108,3,2,1,0
510112,1,1,0,0
510114,6,5,1,0
510134,6,5,0,1
510155,4,1,1,2
510156,5,4,0,1
510163,4,3,0,1
510164,2,2,0,0
510170,3,3,0,0
510172,3,3,0,0
510179,5,3,1,1
510185,4,3,0,1
510188,6,4,1,1
510195,4,3,0,1
510198,3,3,0,0
510213,5,3,1,1
510215,3,1,0,2
510219,3,2,1,0
510227,2,2,0,0
510238,3,3,0,0
510239,2,1,0,1
510243,3,2,1,0
510257,2,1,1,0
510270,1,0,1,0
510283,0,0,0,0
510315,2,1,1,0
510316,1,0,0,1
510326,6,6,0,0
510328,5,4,1,0
510343,5,5,0,0
510356,2,2,0,0
510365,4,4,0,0
510369,3,3,0,0
510379,1,0,0,1
510393,1,1,0,0
510418,0,0,0,0
510423,2,0,1,1
510449,4,3,1,0
510452,4,4,0,0
510459,3,3,0,0
510490,1,0,0,1
510494,5,5,0,0
510511,2,1,0,1
510533,1,1,0,0
510537,5,3,1,1
510543,0,0,0,0
510545,1,0,0,1
510558,2,2,0,0
510570,4,2,0,2
510571,4,1,0,3
510575,0,0,0,0
510580,3,2,0,1
510582,2,1,0,1
510585,1,1,0,0
510586,5,5,0,0
510610,1,1,0,0
510618,3,2,0,1
510676,3,3,0,0
510686,3,2,0,1
510694,4,4,0,0
510700,4,3,0,1
510707,2,1,1,0
510719,1,0,0,1
510733,2,1,1,0
510754,5,4,0,1
510779,4,3,0,1
510805,2,1,0,1
510815,4,4,0,0
510822,4,2,1,1
510828,0,0,0,0
510836,5,5,0,0
510841,8,8,0,0
510890,5,2,2,1
510899,2,2,0,0
510944,6,3,3,0
510946,3,3,0,0
510953,2,1,1,0
510960,3,2,1,0
510961,4,3,0,1
510972,3,3,0,0
511017,1,1,0,0
511055,2,2,0,0
511066,3,3,0,0
511093,3,2,0,1
511122,2,2,0,0
511125,3,3,0,0
511126,5,3,0,2
511140,3,1,1,1
511142,3,3,0,0
511145,3,1,0,2
511148,3,2,0,1
511160,3,2,1,0
511178,4,3,0,1
511195,2,1,0,1
511208,3,3,0,0
511219,1,0,0,1
511223,4,3,1,0
511238,0,0,0,0
511260,2,1,0,1
511298,4,3,0,1
511314,3,2,0,1
511326,3,3,0,0
511328,2,1,0,1
511331,7,6,1,0
511364,3,3,0,0
511377,2,0,0,2
511379,3,3,0,0
511397,5,5,0,0
511398,5,5,0,0
511399,2,1,1,0
511418,2,1,1,0
511424,2,1,0,1
511433,5,3,1,1
511440,2,2,0,0
511455,3,1,2,0
511469,3,1,1,1
511489,3,1,0,2
511502,2,2,0,0
511504,3,3,0,0
511535,3,2,1,0
511542,3,3,0,0
511549,2,1,1,0
511552,1,1,0,0
511554,2,2,0,0
511560,4,4,0,0
511567,5,4,1,0
511568,1,0,1,0
511570,3,2,0,1
511577,2,1,1,0
511578,5,5,0,0
511587,2,2,0,0
511589,1,0,0,1
511608,1,0,0,1
511609,2,1,0,1
511613,3,3,0,0
511638,3,2,0,1
511665,2,2,0,0
511666,3,2,0,1
511677,4,4,0,0
511680,4,3,0,1
511697,4,3,1,0
511712,3,2,1,0
511726,2,2,0,0
511739,3,3,0,0
511757,0,0,0,0
511762,3,2,0,1
511764,1,1,0,0
511772,3,3,0,0
511778,3,3,0,0
511783,4,3,1,0
511784,1,1,0,0
511800,7,6,0,1
511803,4,2,1,1
511805,4,4,0,0
511809,2,1,0,1
511811,3,2,1,0
511821,0,0,0,0
511827,2,1,0,1
511851,2,2,0,0
511859,3,2,0,1
511860,4,3,0,1
511862,4,4,0,0
511878,0,0,0,0
511884,4,4,0,0
511902,3,3,0,0
511910,1,0,0,1
511916,2,1,1,0
511923,2,2,0,0
511936,3,1,1,1
511943,3,2,0,1
511977,2,2,0,0
511989,0,0,0,0
511996,3,2,0,1
511998,2,2,0,0
512009,3,2,1,0
512010,3,2,0,1
512016,2,0,1,1
512024,2,1,0,1
512028,2,2,0,0
512060,3,2,0,1
512063,1,1,0,0
512069,5,5,0,0
512078,2,2,0,0
512099,4,3,1,0
512103,3,3,0,0
512144,0,0,0,0
512147,3,1,0,2
512148,1,0,0,1
512163,2,1,0,1
512173,4,3,1,0
512190,1,0,0,1
512193,1,1,0,0
512197,4,3,0,1
512201,4,3,1,0
512204,4,4,0,0
512243,3,2,0,1
512249,0,0,0,0
512266,3,3,0,0
512271,6,2,3,1
512283,5,5,0,0
512289,2,1,1,0
512294,5,4,0,1
512295,5,4,1,0
512301,5,2,2,1
512302,4,1,2,1
512303,4,2,1,1
512305,2,0,0,2
512322,5,3,1,1
512329,6,6,0,0
512362,3,3,0,0
512377,2,2,0,0
512392,3,3,0,0
512397,0,0,0,0
512402,1,1,0,0
512416,1,0,0,1
512418,2,2,0,0
512419,3,3,0,0
512440,3,3,0,0
512443,2,2,0,0
512447,2,1,0,1
512463,4,3,1,0
512495,6,4,0,2
512529,0,0,0,0
512536,2,2,0,0
512552,2,2,0,0
512556,5,4,0,1
512558,4,4,0,0
512587,2,2,0,0
512589,4,4,0,0
512596,5,3,1,1
512598,5,4,1,0
512610,6,3,3,0
512623,0,0,0,0
512628,4,3,0,1
512631,3,3,0,0
512655,4,3,1,0
512671,5,5,0,0
512677,1,0,1,0
512680,1,1,0,0
512691,2,2,0,0
512693,4,4,0,0
512695,5,3,2,0
512696,3,1,0,2
512704,1,0,1,0
512706,4,3,0,1
512780,3,2,0,1
512786,4,4,0,0
512787,4,4,0,0
512791,3,3,0,0
512801,7,6,1,0
512826,4,2,2,0
512831,4,1,2,1
512835,5,5,0,0
512846,4,3,1,0
512848,3,2,0,1
512880,2,1,1,0
512887,3,3,0,0
512888,3,2,0,1
512900,4,1,0,3
512904,5,4,0,1
512922,2,1,1,0
512928,1,1,0,0
512943,4,2,2,0
512945,3,1,1,1
512974,3,0,1,2
512976,5,4,0,1
512984,3,2,0,1
512999,3,2,1,0
513004,4,3,1,0
513005,1,1,0,0
513006,2,2,0,0
513026,3,3,0,0
513030,3,3,0,0
513031,3,1,1,1
513058,6,2,3,1
513089,3,1,0,2
513090,2,1,1,0
513091,0,0,0,0
513093,4,2,0,2
513096,2,1,1,0
513103,3,3,0,0
513126,5,5,0,0
513138,0,0,0,0
513164,2,1,1,0
513206,0,0,0,0
513216,4,3,1,0
513220,5,5,0,0
513221,1,1,0,0
513227,2,2,0,0
513233,3,2,0,1
513236,8,6,0,2
513237,2,1,0,1
513241,0,0,0,0
513242,2,2,0,0
513259,3,2,1,0
513261,0,0,0,0
513289,1,1,0,0
513296,3,3,0,0
513317,1,0,1,0
513322,3,3,0,0
513338,3,3,0,0
513339,2,2,0,0
513345,2,0,0,2
513347,1,1,0,0
513366,3,3,0,0
513381,3,3,0,0
513387,5,4,0,1
513397,5,3,1,1
513402,1,1,0,0
513408,2,2,0,0
513422,2,2,0,0
513425,0,0,0,0
513438,1,1,0,0
513441,1,1,0,0
513470,0,0,0,0
513495,2,1,0,1
513497,2,1,0,1
513509,2,0,2,0
513543,2,1,0,1
513546,0,0,0,0
513555,5,3,1,1
513568,2,1,0,1
513569,2,1,0,1
513582,3,2,1,0
513602,0,0,0,0
513611,3,2,0,1
513613,3,2,0,1
513620,3,2,0,1
513625,2,2,0,0
513627,3,3,0,0
513628,3,3,0,0
513638,4,4,0,0
513659,3,3,0,0
513661,1,0,0,1
513683,4,3,0,1
513714,1,0,1,0
513721,5,4,0,1
513742,0,0,0,0
513761,3,3,0,0
513776,2,1,0,1
513787,5,4,1,0
513791,4,4,0,0
513796,3,2,1,0
513800,0,0,0,0
513807,3,3,0,0
513823,0,0,0,0
513826,4,2,2,0
513844,3,1,1,1
513853,3,3,0,0
513856,1,1,0,0
513860,3,2,0,1
513869,2,1,0,1
513875,4,3,0,1
513917,3,3,0,0
513926,4,3,1,0
513933,3,3,0,0
513953,2,1,0,1
513956,4,2,2,0
513964,5,3,2,0
513967,6,6,0,0
513995,4,2,0,2
514002,5,5,0,0
514003,3,3,0,0
514021,2,0,0,2
514023,3,2,0,1
514053,2,1,0,1
514071,3,3,0,0
514076,2,1,0,1
514113,2,1,0,1
514132,5,4,1,0
514133,3,1,1,1
514164,4,3,0,1
514167,3,3,0,0
514206,3,2,1,0
514208,1,1,0,0
514210,3,3,0,0
514215,3,3,0,0
514235,1,1,0,0
514261,3,3,0,0
514275,3,2,0,1
514289,0,0,0,0
514300,3,2,1,0
514315,1,1,0,0
514318,4,2,0,2
514324,3,3,0,0
514337,4,2,0,2
514342,4,2,2,0
514344,6,5,1,0
514370,3,3,0,0
514384,1,1,0,0
514395,3,3,0,0
514457,4,4,0,0
514460,4,2,1,1
514461,3,1,0,2
514501,1,0,0,1
514503,2,0,0,2
514515,3,2,1,0
514526,5,5,0,0
514551,1,0,0,1
514586,3,3,0,0
514589,1,1,0,0
514617,4,2,1,1
514623,1,1,0,0
514627,4,3,1,0
514638,4,3,0,1
514639,0,0,0,0
514642,0,0,0,0
514660,4,3,1,0
514675,3,3,0,0
514682,4,3,0,1
514684,0,0,0,0
514689,2,2,0,0
514737,4,4,0,0
514785,3,3,0,0
514810,3,1,0,2
514830,2,1,1,0
514867,3,3,0,0
514876,1,0,0,1
514892,5,5,0,0
514893,1,0,0,1
514899,6,5,1,0
514925,2,1,0,1
514926,3,2,0,1
514931,0,0,0,0
514944,1,1,0,0
514951,2,1,1,0
514953,3,1,0,2
514980,7,7,0,0
514981,3,3,0,0
515004,2,1,0,1
515013,2,1,1,0
515020,3,2,0,1
515030,1,1,0,0
515051,5,5,0,0
515058,5,4,0,1
515060,2,2,0,0
515085,2,1,0,1
515103,3,3,0,0
515124,4,4,0,0
515131,5,5,0,0
515139,3,3,0,0
515161,3,2,0,1
515168,2,0,0,2
515182,6,6,0,0
515198,1,0,0,1
515200,2,2,0,0
515202,1,0,0,1
515205,1,1,0,0
515229,5,4,0,1
515240,1,0,0,1
515243,4,2,2,0
515258,3,3,0,0
515271,3,3,0,0
515274,6,4,0,2
515306,4,3,0,1
515330,3,3,0,0
515344,5,3,0,2
515398,4,3,1,0
515409,3,3,0,0
515421,4,4,0,0
515423,2,1,1,0
515436,1,0,0,1
515478,2,2,0,0
515490,4,4,0,0
515502,1,0,0,1
515514,0,0,0,0
515516,0,0,0,0
515523,3,1,0,2
515529,2,1,1,0
515530,0,0,0,0
515565,4,4,0,0
515578,6,5,0,1
515580,4,3,0,1
515586,5,3,2,0
515610,3,2,1,0
515634,0,0,0,0
515639,7,6,1,0
515645,3,1,1,1
515666,4,4,0,0
515675,3,2,0,1
515684,7,5,2,0
515688,4,4,0,0
515694,6,6,0,0
515713,3,2,0,1
515727,4,4,0,0
515735,1,1,0,0
515739,3,2,1,0
515751,3,3,0,0
515764,3,1,0,2
515778,3,2,0,1
515802,5,4,0,1
515818,1,0,1,0
515831,2,1,1,0
515835,3,3,0,0
515854,2,0,0,2
515874,1,0,0,1
515891,5,4,1,0
515901,2,2,0,0
515908,2,2,0,0
515941,4,2,0,2
515947,2,2,0,0
515953,3,3,0,0
515974,3,1,0,2
515985,3,2,0,1
516001,1,0,0,1
516004,2,2,0,0
516006,5,5,0,0
516039,0,0,0,0
516053,5,3,2,0
516057,4,3,1,0
516061,3,2,1,0
516076,0,0,0,0
516086,1,0,0,1
516089,3,3,0,0
516092,4,3,1,0
516105,3,0,1,2
516117,3,1,1,1
516118,2,1,0,1
516127,0,0,0,0
516132,3,2,1,0
516144,4,3,1,0
516150,1,0,0,1
516152,1,1,0,0
516176,4,3,1,0
516177,3,3,0,0
516178,3,2,1,0
516211,4,3,1,0
516216,4,4,0,0
516217,1,0,1,0
516243,0,0,0,0
516246,4,4,0,0
516251,7,6,1,0
516269,5,4,0,1
516273,2,2,0,0
516282,2,2,0,0
516283,2,2,0,0
516287,2,2,0,0
516290,3,2,0,1
516296,2,2,0,0
516301,5,5,0,0
516340,1,0,0,1
516351,3,3,0,0
516368,1,1,0,0
516375,5,5,0,0
516418,3,2,0,1
516420,2,1,0,1
516433,1,0,1,0
516456,4,3,1,0
516507,2,2,0,0
516516,1,1,0,0
516528,3,3,0,0
516543,1,1,0,0
516556,1,1,0,0
516561,2,2,0,0
516571,4,1,1,2
516578,4,4,0,0
516579,4,2,0,2
516583,0,0,0,0
516590,2,1,0,1
516593,3,3,0,0
516594,4,4,0,0
516614,4,3,1,0
516616,6,4,0,2
516620,0,0,0,0
516639,5,2,3,0
516647,4,3,1,0
516679,2,2,0,0
516680,0,0,0,0
516682,3,0,1,2
516694,2,1,1,0
516697,1,0,0,1
516704,4,3,0,1
516732,3,2,0,1
516739,2,2,0,0
516744,1,0,0,1
516763,1,1,0,0
516765,0,0,0,0
516789,4,4,0,0
516798,1,1,0,0
516806,6,5,1,0
516808,3,3,0,0
516827,6,3,1,2
516833,3,2,1,0
516841,1,1,0,0
516862,2,0,1,1
516933,3,1,2,0
516939,1,1,0,0
516965,4,4,0,0
516967,0,0,0,0
516972,2,2,0,0
517033,3,0,0,3
517061,6,4,0,2
517064,3,2,0,1
517076,5,2,0,3
517105,4,3,1,0
517119,4,3,0,1
517131,3,1,0,2
517142,3,1,2,0
517143,2,0,0,2
517150,6,6,0,0
517158,3,3,0,0
517205,2,2,0,0
517212,5,4,1,0
517219,0,0,0,0
517231,2,1,0,1
517284,5,2,2,1
517324,1,0,1,0
517330,1,1,0,0
517356,3,3,0,0
517370,3,2,0,1
517392,5,4,1,0
517393,1,1,0,0
517397,5,5,0,0
517403,4,3,0,1
517415,1,1,0,0
517438,5,5,0,0
517445,3,1,0,2
517467,2,1,0,1
517486,3,3,0,0
517491,8,5,1,2
517543,0,0,0,0
517545,2,1,1,0
517548,3,2,1,0
517549,6,5,1,0
517571,1,1,0,0
517579,1,1,0,0
517581,3,3,0,0
517596,3,3,0,0
517622,0,0,0,0
517633,4,3,0,1
517653,2,2,0,0
517674,3,2,1,0
517675,4,4,0,0
517676,4,2,2,0
517700,4,4,0,0
517715,2,2,0,0
517732,2,2,0,0
517735,2,1,1,0
517739,1,1,0,0
517743,4,4,0,0
517772,5,5,0,0
517776,3,3,0,0
517787,1,1,0,0
517803,5,4,0,1
517819,1,1,0,0
517825,4,4,0,0
517839,3,2,1,0
517847,4,3,0,1
517871,1,1,0,0
517894,3,2,0,1
517898,2,2,0,0
517925,1,1,0,0
517931,5,3,0,2
517961,3,3,0,0
517967,2,1,0,1
517968,4,2,0,2
518012,2,2,0,0
518015,4,4,0,0
518041,1,0,0,1
518044,4,1,1,2
518074,2,1,1,0
518084,1,1,0,0
518092,5,3,2,0
518121,3,3,0,0
518127,4,4,0,0
518135,3,2,0,1
518191,3,2,1,0
518196,3,1,1,1
518211,4,4,0,0
518219,3,2,1,0
518281,4,3,1,0
518324,5,5,0,0
518334,2,1,0,1
518338,4,3,0,1
518347,4,3,1,0
518348,2,1,0,1
518354,0,0,0,0
518372,2,2,0,0
518393,2,2,0,0
518406,3,3,0,0
518416,3,3,0,0
518422,1,0,0,1
518443,2,1,0,1
518450,2,0,1,1
518480,4,3,0,1
518495,2,2,0,0
518516,3,3,0,0
518526,5,5,0,0
518527,5,5,0,0
518533,3,1,2,0
518535,3,1,1,1
518541,4,1,2,1
518567,1,1,0,0
518579,3,2,0,1
518582,4,2,1,1
518585,3,3,0,0
518612,6,5,0,1
518628,0,0,0,0
518629,5,5,0,0
518639,1,1,0,0
518642,1,0,0,1
518645,0,0,0,0
518694,2,1,0,1
518696,1,0,0,1
518711,2,1,0,1
518716,2,1,0,1
518722,4,3,1,0
518726,1,0,1,0
518735,1,0,0,1
518743,3,3,0,0
518747,2,2,0,0
518751,5,3,2,0
518756,3,3,0,0
518826,1,1,0,0
518827,4,2,0,2
518865,3,3,0,0
518866,3,3,0,0
518867,2,2,0,0
518870,3,2,0,1
518894,3,1,2,0
518896,4,3,0,1
518907,5,3,0,2
518922,1,0,0,1
518925,1,0,0,1
518931,0,0,0,0
518954,3,3,0,0
518956,2,1,0,1
518963,2,2,0,0
518971,2,2,0,0
518998,3,3,0,0
519014,4,1,1,2
519059,2,2,0,0
519079,5,3,1,1
519089,3,2,1,0
519091,2,1,0,1
519096,2,2,0,0
519114,3,3,0,0
519117,4,4,0,0
519137,3,3,0,0
519140,5,4,0,1
519171,2,1,1,0
519191,1,0,0,1
519205,2,2,0,0
519210,4,1,1,2
519211,5,4,0,1
519248,1,1,0,0
519254,7,6,0,1
519260,3,2,0,1
519267,1,1,0,0
519285,4,3,0,1
519312,0,0,0,0
519313,1,1,0,0
519335,2,0,0,2
519348,3,3,0,0
519353,1,0,0,1
519357,5,4,1,0
519368,1,1,0,0
519383,2,1,0,1
519392,2,1,1,0
519393,3,1,1,1
519406,0,0,0,0
519412,2,1,0,1
519419,1,1,0,0
519430,2,2,0,0
519446,4,3,1,0
519469,3,2,0,1
519515,4,2,1,1
519529,1,1,0,0
519532,3,3,0,0
519541,2,2,0,0
519548,0,0,0,0
519554,3,3,0,0
519561,0,0,0,0
519595,4,3,1,0
519596,2,2,0,0
519604,3,3,0,0
519626,3,3,0,0
519631,6,6,0,0
519664,2,2,0,0
519687,0,0,0,0
519694,4,4,0,0
519695,3,2,0,1
519706,1,0,0,1
519709,5,3,2,0
519718,4,3,0,1
519722,3,0,1,2
519725,2,1,0,1
519726,2,2,0,0
519747,6,6,0,0
519769,3,3,0,0
519774,3,2,0,1
519787,2,1,0,1
519799,5,3,2,0
519846,4,3,0,1
519848,4,4,0,0
519853,2,1,1,0
519859,5,4,1,0
519885,3,2,0,1
519888,4,3,0,1
519893,4,3,0,1
519896,3,3,0,0
519897,0,0,0,0
519905,2,2,0,0
519911,6,6,0,0
519912,4,4,0,0
519943,0,0,0,0
519955,2,2,0,0
519957,2,2,0,0
519961,3,3,0,0
519965,3,3,0,0
519982,1,1,0,0
520054,1,1,0,0
520063,2,2,0,0
520097,4,3,1,0
520106,1,1,0,0
520141,3,2,0,1
520152,4,3,0,1
520170,2,1,0,1
520175,3,3,0,0
520177,6,3,2,1
520182,3,1,2,0
520188,2,1,0,1
520193,3,3,0,0
520225,5,5,0,0
520244,2,2,0,0
520248,4,4,0,0
520250,4,4,0,0
520256,4,3,0,1
520265,5,4,0,1
520277,2,2,0,0
520291,4,4,0,0
520298,2,1,0,1
520307,3,3,0,0
520311,5,1,3,1
520314,2,0,0,2
520327,2,2,0,0
520358,4,3,0,1
520373,3,3,0,0
520397,4,3,1,0
520405,1,1,0,0
520411,2,2,0,0
520422,2,1,1,0
520429,3,3,0,0
520436,6,5,0,1
520440,0,0,0,0
520480,3,2,1,0
520491,5,3,1,1
520497,3,2,1,0
520527,2,2,0,0
520530,4,4,0,0
520532,4,4,0,0
520539,4,4,0,0
520556,5,3,1,1
520558,1,1,0,0
520561,0,0,0,0
520603,0,0,0,0
520619,2,2,0,0
520680,2,2,0,0
520696,2,2,0,0
520708,3,2,1,0
520719,4,4,0,0
520733,3,3,0,0
520745,2,2,0,0
520762,2,1,0,1
520770,4,2,2,0
520771,1,0,0,1
520780,0,0,0,0
520783,3,2,0,1
520804,3,2,1,0
520819,2,2,0,0
520821,2,2,0,0
520844,2,1,0,1
520851,5,5,0,0
520861,3,3,0,0
520877,3,3,0,0
520878,4,2,0,2
520882,1,0,0,1
520885,5,5,0,0
520898,3,2,0,1
520902,4,4,0,0
520920,1,0,0,1
520934,1,1,0,0
520947,3,1,0,2
520959,1,1,0,0
521000,3,3,0,0
521004,4,4,0,0
521009,1,0,0,1
521031,6,5,0,1
521033,4,3,1,0
521044,4,3,0,1
521060,5,4,0,1
521062,0,0,0,0
521065,4,3,1,0
521066,4,4,0,0
521070,6,5,1,0
521109,3,2,1,0
521127,5,3,0,2
521152,3,3,0,0
521170,3,2,0,1
521185,4,2,0,2
521186,3,3,0,0
521187,0,0,0,0
521192,3,2,0,1
521201,1,1,0,0
521211,1,0,0,1
521212,4,4,0,0
521235,5,5,0,0
521250,2,1,1,0
521259,2,2,0,0
521282,2,1,1,0
521286,1,1,0,0
521293,5,5,0,0
521295,2,2,0,0
521298,3,2,1,0
521309,2,2,0,0
521316,3,2,0,1
521331,2,2,0,0
521335,4,3,0,1
521343,5,3,2,0
521379,2,2,0,0
521392,2,1,0,1
521404,5,4,0,1
521408,2,2,0,0
521416,3,3,0,0
521434,4,3,1,0
521462,3,2,1,0
521474,1,1,0,0
521491,5,3,1,1
521509,4,4,0,0
521510,3,2,0,1
521514,2,2,0,0
521587,4,4,0,0
521607,3,3,0,0
521609,2,2,0,0
521642,2,0,0,2
521657,3,2,0,1
521658,5,4,0,1
521663,0,0,0,0
521695,4,3,0,1
521708,4,3,1,0
521719,1,1,0,0
521720,4,4,0,0
521743,7,6,1,0
521748,3,2,0,1
521768,3,2,1,0
521785,2,1,0,1
521814,6,5,1,0
521818,2,2,0,0
521859,5,5,0,0
521865,4,4,0,0
521883,3,1,2,0
521884,2,2,0,0
521885,2,2,0,0
521904,1,1,0,0
521921,1,1,0,0
521925,5,3,0,2
521941,3,2,0,1
521943,3,3,0,0
521956,4,4,0,0
521963,2,1,0,1
521986,2,1,0,1
521992,4,4,0,0
521997,4,2,0,2
522001,0,0,0,0
522005,5,3,0,2
522062,4,3,1,0
522086,2,2,0,0
522111,4,2,1,1
522112,2,2,0,0
522115,4,4,0,0
522118,3,2,1,0
522134,0,0,0,0
522152,2,2,0,0
522171,4,2,1,1
522179,3,2,1,0
522184,0,0,0,0
522201,1,0,0,1
522223,4,4,0,0
522233,5,4,0,1
522237,4,2,0,2
522263,2,2,0,0
522265,4,3,0,1
522276,2,2,0,0
522286,3,2,1,0
522315,2,2,0,0
522323,5,2,2,1
522364,3,3,0,0
522373,2,2,0,0
522375,3,2,1,0
522387,1,0,0,1
522402,3,2,1,0
522420,1,1,0,0
522426,4,4,0,0
522427,3,2,0,1
522438,5,5,0,0
522441,3,3,0,0
522445,2,1,0,1
522457,6,5,1,0
522465,4,2,1,1
522476,5,4,1,0
522484,6,4,2,0
522513,4,2,0,2
522523,1,1,0,0
522532,5,3,0,2
522533,3,3,0,0
522585,2,2,0,0
522607,3,2,0,1
522624,1,0,0,1
522631,1,1,0,0
522633,3,3,0,0
522634,4,2,1,1
522639,2,2,0,0
522654,3,2,0,1
522687,4,2,1,1
522738,2,2,0,0
522745,3,2,0,1
522748,5,2,2,1
522761,3,3,0,0
522788,2,0,0,2
522800,5,3,1,1
522809,1,1,0,0
522873,1,0,1,0
522898,2,2,0,0
522911,0,0,0,0
522927,1,1,0,0
522937,7,5,2,0
522939,2,2,0,0
522943,1,0,0,1
522944,2,2,0,0
522970,6,5,1,0
522981,5,4,1,0
522999,3,2,0,1
523030,2,2,0,0
523057,0,0,0,0
523073,2,1,0,1
523077,4,1,0,3
523090,2,2,0,0
523098,3,2,1,0
523146,4,4,0,0
523158,3,2,1,0
523209,4,4,0,0
523228,4,3,0,1
523231,4,4,0,0
523256,3,2,0,1
523271,3,3,0,0
523273,2,1,0,1
523290,3,2,0,1
523299,1,1,0,0
523301,3,3,0,0
523335,3,2,1,0
523338,4,4,0,0
523392,3,2,1,0
523395,3,3,0,0
523442,4,3,0,1
523454,3,3,0,0
523465,3,2,1,0
523474,4,4,0,0
523484,5,2,2,1
523503,1,0,1,0
523505,5,3,0,2
523511,3,0,2,1
523513,3,3,0,0
523517,2,1,0,1
523526,1,1,0,0
523546,3,1,1,1
523559,3,2,1,0
523612,5,2,0,3
523619,2,1,0,1
523657,2,2,0,0
523666,4,4,0,0
523686,2,2,0,0
523690,4,2,0,2
523700,1,1,0,0
523710,3,3,0,0
523715,3,2,0,1
523717,6,6,0,0
523729,1,0,0,1
523735,4,3,0,1
523746,2,1,1,0
523756,5,4,0,1
523768,3,2,0,1
523771,3,1,0,2
523787,1,1,0,0
523800,4,1,1,2
523807,2,2,0,0
523819,5,2,0,3
523824,2,2,0,0
523841,3,3,0,0
523842,4,3,0,1
523845,5,2,2,1
523846,2,1,0,1
523860,3,1,1,1
523866,3,2,1,0
523877,4,4,0,0
523887,1,0,0,1
523913,4,3,1,0
523938,2,2,0,0
523981,5,3,1,1
524001,4,4,0,0
524012,4,3,0,1
524031,4,3,1,0
524036,3,1,1,1
524038,4,4,0,0
524043,6,5,0,1
524046,4,2,1,1
524052,3,3,0,0
524057,1,0,0,1
524076,3,2,0,1
524080,4,3,1,0
524098,0,0,0,0
524116,6,3,1,2
524120,4,4,0,0
524151,3,1,1,1
524167,4,4,0,0
524169,3,2,1,0
524172,0,0,0,0
524180,5,5,0,0
524194,2,2,0,0
524200,4,4,0,0
524211,3,3,0,0
524214,2,0,1,1
524226,4,4,0,0
524244,3,2,0,1
524251,3,2,0,1
524278,2,1,0,1
524313,2,2,0,0
524318,0,0,0,0
524328,2,2,0,0
524358,3,3,0,0
524365,6,5,0,1
524383,1,1,0,0
524407,3,3,0,0
524412,5,4,0,1
524419,2,1,1,0
524448,2,1,1,0
524473,3,2,0,1
524484,1,0,1,0
524511,3,2,0,1
524572,3,2,0,1
524606,2,0,2,0
524607,5,3,2,0
524615,3,3,0,0
524620,3,3,0,0
524628,3,3,0,0
524637,3,3,0,0
524644,3,1,1,1
524650,2,2,0,0
524663,1,1,0,0
524668,5,4,0,1
524682,2,2,0,0
524722,3,3,0,0
524728,1,0,1,0
524739,1,1,0,0
524766,2,2,0,0
524797,0,0,0,0
524805,3,2,0,1
524807,3,3,0,0
524821,2,1,1,0
524834,2,2,0,0
524842,1,0,0,1
524849,3,2,0,1
524861,4,3,0,1
524880,0,0,0,0
524885,0,0,0,0
524895,3,3,0,0
524909,3,3,0,0
524913,1,0,0,1
524923,3,1,2,0
524926,4,3,1,0
524929,4,4,0,0
524940,1,0,0,1
524980,3,3,0,0
525022,3,2,0,1
525034,2,1,0,1
525043,3,3,0,0
525053,3,3,0,0
525056,4,4,0,0
525081,4,1,0,3
525089,4,4,0,0
525102,5,4,0,1
525106,1,1,0,0
525168,2,2,0,0
525175,1,0,0,1
525176,1,1,0,0
525201,6,2,1,3
525212,3,2,0,1
525227,5,4,0,1
525234,4,3,0,1
525244,2,1,0,1
525265,3,3,0,0
525281,5,5,0,0
525308,2,0,1,1
525323,2,2,0,0
525332,5,5,0,0
525356,3,3,0,0
525377,0,0,0,0
525379,0,0,0,0
525389,2,2,0,0
525405,1,1,0,0
525410,4,4,0,0
525415,3,3,0,0
525447,5,4,0,1
525488,2,2,0,0
525515,4,4,0,0
525529,3,3,0,0
525546,6,4,0,2
525555,3,3,0,0
525591,4,1,1,2
525610,5,5,0,0
525611,5,4,0,1
525615,6,4,1,1
525631,3,2,0,1
525647,0,0,0,0
525671,4,3,1,0
525684,4,2,1,1
525716,4,3,0,1
525722,5,4,1,0
525734,2,1,0,1
525761,1,0,0,1
525769,6,4,1,1
525789,4,3,0,1
525804,4,2,0,2
525806,2,1,1,0
525824,2,1,1,0
525842,3,2,0,1
525844,4,4,0,0
525848,1,0,0,1
525864,2,2,0,0
525879,4,4,0,0
525920,5,2,1,2
525975,4,4,0,0
525996,6,4,0,2
526032,0,0,0,0
526036,0,0,0,0
526062,5,3,1,1
526079,3,1,2,0
526084,3,3,0,0
526102,5,3,1,1
526144,5,4,1,0
526154,4,2,1,1
526174,2,1,0,1
526179,5,4,1,0
526184,1,0,0,1
526203,4,3,1,0
526206,1,1,0,0
526221,1,1,0,0
526235,2,2,0,0
526239,2,1,0,1
526256,6,6,0,0
526258,3,3,0,0
526291,0,0,0,0
526297,5,4,1,0
526303,2,0,0,2
526308,5,4,1,0
526332,2,2,0,0
526354,4,4,0,0
526365,3,3,0,0
526367,3,2,0,1
526372,2,2,0,0
526378,5,3,1,1
526409,4,3,1,0
526431,5,3,0,2
526435,0,0,0,0
526443,1,0,1,0
526445,3,2,0,1
526471,6,4,2,0
526490,2,2,0,0
526492,5,2,1,2
526495,2,1,1,0
526540,4,4,0,0
526565,3,2,0,1
526570,5,4,1,0
526628,5,4,1,0
526668,3,3,0,0
526676,3,3,0,0
526683,3,2,1,0
526690,2,2,0,0
526711,2,2,0,0
526727,2,2,0,0
526729,4,3,0,1
526740,0,0,0,0
526759,1,1,0,0
526782,2,2,0,0
526789,4,1,2,1
526837,3,3,0,0
526855,4,2,2,0
526858,0,0,0,0
526867,4,4,0,0
526872,1,0,0,1
526873,3,2,0,1
526900,3,2,1,0
526901,4,4,0,0
526905,5,3,1,1
526913,5,3,1,1
526916,0,0,0,0
526925,3,0,0,3
526950,3,2,0,1
526959,3,3,0,0
526970,4,2,0,2
527001,1,0,0,1
527004,2,2,0,0
527019,2,1,0,1
527038,4,2,2,0
527046,3,3,0,0
527075,3,3,0,0
527081,2,2,0,0
527082,3,2,0,1
527109,4,3,1,0
527130,2,1,0,1
527132,2,2,0,0
527133,5,4,0,1
527141,5,2,2,1
527142,6,6,0,0
527150,3,3,0,0
527154,2,2,0,0
527158,3,3,0,0
527187,3,3,0,0
527197,3,2,0,1
527219,1,1,0,0
527232,2,2,0,0
527253,6,4,1,1
527280,2,0,1,1
527321,1,0,0,1
527326,3,1,1,1
527344,2,1,0,1
527346,3,2,1,0
527354,3,2,0,1
527359,1,1,0,0
527365,1,1,0,0
527389,2,0,0,2
527393,2,2,0,0
527396,3,2,0,1
527401,5,5,0,0
527406,3,2,1,0
527445,0,0,0,0
527451,3,3,0,0
527452,2,2,0,0
527455,2,2,0,0
527464,6,5,0,1
527467,2,1,1,0
527470,2,1,0,1
527490,3,3,0,0
527507,4,2,1,1
527508,3,2,1,0
527518,1,1,0,0
527524,1,0,0,1
527536,1,0,1,0
527541,1,0,0,1
527552,1,0,0,1
527560,2,0,0,2
527564,4,2,1,1
527585,4,4,0,0
527605,3,2,1,0
527689,1,0,0,1
527690,4,2,1,1
527726,2,0,2,0
527735,1,1,0,0
527750,2,0,0,2
527782,4,2,1,1
527783,2,2,0,0
527801,0,0,0,0
527824,5,5,0,0
527850,5,3,0,2
527857,1,0,0,1
527886,3,1,0,2
527928,2,2,0,0
527944,4,4,0,0
527945,0,0,0,0
527984,4,3,0,1
527987,4,3,1,0
527995,3,1,1,1
528020,4,4,0,0
528028,4,2,2,0
528046,2,1,1,0
528061,3,3,0,0
528098,0,0,0,0
528105,4,3,0,1
528122,5,5,0,0
528137,0,0,0,0
528139,1,0,0,1
528158,3,1,2,0
528164,6,2,3,1
528179,2,0,0,2
528186,4,4,0,0
528193,3,3,0,0
528216,3,3,0,0
528242,3,2,1,0
528244,2,2,0,0
528248,3,2,0,1
528281,5,3,0,2
528322,4,3,1,0
528330,1,1,0,0
528354,3,3,0,0
528372,1,0,0,1
528378,1,1,0,0
528379,2,2,0,0
528411,4,3,1,0
528413,0,0,0,0
528417,2,2,0,0
528421,7,4,2,1
528455,3,3,0,0
528461,0,0,0,0
528490,4,4,0,0
528500,1,1,0,0
528522,2,1,0,1
528528,1,1,0,0
528542,3,3,0,0
528567,6,5,0,1
528580,3,1,1,1
528612,2,2,0,0
528657,4,4,0,0
528661,2,2,0,0
528683,2,1,0,1
528688,1,0,0,1
528690,3,3,0,0
528706,2,2,0,0
528723,4,3,0,1
528735,2,2,0,0
528743,3,3,0,0
528744,4,3,0,1
528777,4,3,0,1
528816,5,5,0,0
528826,2,2,0,0
528827,4,3,0,1
528828,5,2,2,1
528829,4,2,0,2
528839,2,1,1,0
528842,2,1,1,0
528844,2,2,0,0
528906,1,1,0,0
528909,2,0,0,2
528929,2,1,1,0
528930,2,2,0,0
528936,0,0,0,0
528942,6,6,0,0
528953,4,3,0,1
528965,2,1,0,1
528967,3,2,0,1
528995,3,3,0,0
528999,3,2,1,0
529019,5,3,2,0
529023,2,2,0,0
529048,1,1,0,0
529050,2,2,0,0
529082,1,1,0,0
529205,5,5,0,0
529214,2,2,0,0
529216,1,0,0,1
529224,7,4,2,1
529229,2,2,0,0
529231,2,1,0,1
529237,2,1,0,1
529249,3,2,1,0
529284,0,0,0,0
529309,5,4,0,1
529332,3,3,0,0
529338,5,5,0,0
529362,5,5,0,0
529406,4,4,0,0
529420,0,0,0,0
529421,5,4,0,1
529422,2,1,1,0
529424,3,2,1,0
529428,2,1,0,1
529436,6,3,2,1
529488,2,1,1,0
529501,4,4,0,0
529502,3,3,0,0
529510,2,1,1,0
529513,5,2,1,2
529520,1,1,0,0
529566,1,1,0,0
529602,3,3,0,0
529677,1,0,0,1
529678,3,3,0,0
529689,4,2,1,1
529695,5,4,1,0
529704,2,1,0,1
529734,5,4,0,1
529737,0,0,0,0
529768,4,3,1,0
529781,3,1,0,2
529783,2,0,0,2
529787,4,3,1,0
529801,5,3,1,1
529831,5,3,1,1
529840,1,0,1,0
529845,2,2,0,0
529857,1,0,0,1
529879,4,4,0,0
529887,1,1,0,0
529913,0,0,0,0
529940,3,1,1,1
529972,3,2,0,1
530004,2,1,1,0
530039,4,3,1,0
530090,3,3,0,0
530118,5,5,0,0
530188,4,4,0,0
530196,3,1,0,2
530199,3,2,0,1
530213,3,3,0,0
530223,3,2,0,1
530240,2,2,0,0
530277,5,5,0,0
530278,4,3,1,0
530282,5,3,1,1
530298,3,2,0,1
530315,2,2,0,0
530322,2,2,0,0
530329,1,0,1,0
530365,2,2,0,0
530371,3,1,0,2
530374,2,2,0,0
530379,1,1,0,0
530383,3,2,1,0
530385,3,3,0,0
530421,4,4,0,0
530427,3,2,0,1
530453,0,0,0,0
530463,6,5,1,0
530468,4,4,0,0
530514,4,3,0,1
530543,5,4,1,0
530563,4,4,0,0
530579,4,4,0,0
530581,1,0,0,1
530585,4,3,0,1
530592,4,2,0,2
530599,1,0,0,1
530607,2,2,0,0
530625,2,2,0,0
530627,3,2,1,0
530633,0,0,0,0
530645,6,6,0,0
530649,4,3,0,1
530656,2,2,0,0
530665,3,3,0,0
530666,2,1,1,0
530667,5,2,1,2
530672,0,0,0,0
530673,0,0,0,0
530687,4,4,0,0
530719,4,4,0,0
530720,4,3,1,0
530724,7,6,1,0
530739,1,1,0,0
530743,3,2,1,0
530754,5,3,1,1
530773,3,2,1,0
530775,3,2,1,0
530797,2,2,0,0
530801,3,2,0,1
530810,3,3,0,0
530811,3,0,1,2
530833,2,1,0,1
530869,1,0,0,1
530873,0,0,0,0
530881,4,4,0,0
530906,1,1,0,0
530949,2,2,0,0
530950,4,2,1,1
530978,6,5,0,1
531006,2,2,0,0
531009,5,4,0,1
531016,6,4,0,2
531020,5,5,0,0
531027,3,2,1,0
531031,2,1,0,1
531054,4,3,1,0
531073,4,2,1,1
531094,3,3,0,0
531109,4,4,0,0
531143,4,4,0,0
531144,3,3,0,0
531158,5,5,0,0
531198,2,1,0,1
531204,3,2,0,1
531217,4,3,1,0
531253,5,4,0,1
531255,0,0,0,0
531322,4,3,0,1
531339,2,1,1,0
531344,2,2,0,0
531361,2,1,1,0
531373,3,2,0,1
531386,6,5,0,1
531427,4,4,0,0
531431,6,5,1,0
531447,5,4,1,0
531456,2,0,0,2
531467,5,4,1,0
531471,4,3,1,0
531475,0,0,0,0
531499,3,3,0,0
531500,1,0,0,1
531511,3,3,0,0
531512,1,1,0,0
531557,6,6,0,0
531562,2,0,0,2
531568,5,4,0,1
531615,1,0,1,0
531620,0,0,0,0
531625,2,1,0,1
531650,3,1,1,1
531654,3,2,1,0
531663,2,2,0,0
531670,3,2,0,1
531682,0,0,0,0
531735,0,0,0,0
531739,4,4,0,0
531744,5,4,0,1
531745,1,1,0,0
531771,3,3,0,0
531777,1,1,0,0
531789,3,2,1,0
531795,1,1,0,0
531803,0,0,0,0
531807,3,3,0,0
531824,4,4,0,0
531834,1,1,0,0
531844,1,1,0,0
531847,2,2,0,0
531857,2,2,0,0
531868,3,3,0,0
531884,4,3,0,1
531921,2,1,0,1
531926,2,0,2,0
531931,2,2,0,0
531959,4,1,1,2
531967,0,0,0,0
531971,2,2,0,0
531987,2,1,1,0
531989,3,2,0,1
531994,2,2,0,0
532063,6,6,0,0
532064,1,1,0,0
532073,5,3,2,0
532101,1,0,0,1
532106,4,3,0,1
532119,6,5,1,0
532159,2,1,0,1
532215,6,5,0,1
532225,3,3,0,0
532233,4,1,2,1
532258,2,2,0,0
532259,6,5,0,1
532279,1,0,0,1
532312,3,3,0,0
532329,2,1,0,1
532347,3,3,0,0
532361,4,2,1,1
532365,1,1,0,0
532381,4,4,0,0
532387,3,3,0,0
532388,2,1,0,1
532390,4,3,1,0
532410,4,2,0,2
532426,1,1,0,0
532432,1,0,0,1
532433,3,2,0,1
532500,4,3,1,0
532519,3,2,0,1
532535,3,2,0,1
532544,1,1,0,0
532568,3,1,0,2
532607,4,3,1,0
532622,3,3,0,0
532623,2,2,0,0
532627,0,0,0,0
532637,2,0,0,2
532650,5,3,1,1
532651,2,1,0,1
532653,4,4,0,0
532656,2,2,0,0
532705,2,1,0,1
532710,1,1,0,0
532711,2,1,0,1
532721,3,2,0,1
532725,1,1,0,0
532730,2,1,0,1
532742,3,3,0,0
532748,5,4,0,1
532750,2,1,1,0
532774,0,0,0,0
532810,3,3,0,0
532823,4,2,1,1
532835,2,0,1,1
532843,3,2,0,1
532863,4,3,0,1
532866,4,4,0,0
532901,1,1,0,0
532905,0,0,0,0
532912,4,3,1,0
532941,4,3,0,1
532989,5,4,0,1
533048,1,0,0,1
533093,2,1,0,1
533117,2,1,1,0
533123,2,1,1,0
533129,5,3,1,1
533155,3,3,0,0
533187,1,0,0,1
533199,3,3,0,0
533204,0,0,0,0
533211,4,3,1,0
533222,3,2,0,1
533248,3,3,0,0
533251,2,2,0,0
533283,4,3,1,0
533291,6,6,0,0
533302,3,2,0,1
533327,4,1,0,3
533357,5,3,1,1
533378,3,2,1,0
533388,1,1,0,0
533393,1,0,0,1
533396,5,5,0,0
533402,3,1,1,1
533404,4,3,1,0
533411,4,3,1,0
533449,1,1,0,0
533464,2,1,1,0
533490,4,3,1,0
533492,3,2,1,0
533497,5,3,2,0
533518,3,3,0,0
533527,1,1,0,0
533537,3,1,1,1
533542,5,4,1,0
533550,2,2,0,0
533573,2,1,1,0
533575,4,4,0,0
533598,3,3,0,0
533613,3,3,0,0
533617,3,3,0,0
533656,2,1,1,0
533716,3,1,2,0
533742,3,2,1,0
533755,1,1,0,0
533759,3,2,0,1
533773,4,2,1,1
533782,3,2,0,1
533809,2,2,0,0
533827,1,0,0,1
533846,3,1,1,1
533859,4,4,0,0
533895,2,1,1,0
533908,1,1,0,0
533932,3,2,0,1
533975,3,0,0,3
533985,2,1,1,0
533990,5,3,1,1
534040,2,1,0,1
534045,2,1,1,0
534066,5,4,1,0
534082,0,0,0,0
534088,3,1,1,1
534105,6,5,1,0
534179,4,3,0,1
534190,2,1,0,1
534246,2,1,0,1
534254,1,1,0,0
534295,3,3,0,0
534333,2,2,0,0
534351,7,7,0,0
534360,5,4,1,0
534378,1,1,0,0
534380,3,3,0,0
534391,3,3,0,0
534445,3,2,1,0
534474,4,3,1,0
534499,1,0,0,1
534564,1,1,0,0
534586,0,0,0,0
534594,2,1,0,1
534604,1,0,1,0
534607,4,3,1,0
534608,4,4,0,0
534661,1,0,0,1
534688,5,4,0,1
534697,2,1,0,1
534703,2,2,0,0
534742,2,1,0,1
534747,4,3,0,1
534782,4,2,0,2
534793,1,1,0,0
534798,3,3,0,0
534825,1,0,1,0
534840,4,3,1,0
534842,2,2,0,0
534858,4,4,0,0
534895,2,2,0,0
534903,3,3,0,0
534939,3,2,0,1
534948,4,1,0,3
534957,4,2,2,0
534971,2,2,0,0
534986,4,4,0,0
535003,0,0,0,0
535007,6,6,0,0
535024,3,3,0,0
535035,4,3,0,1
535047,4,4,0,0
535051,4,3,0,1
535060,4,4,0,0
535063,4,3,0,1
535081,4,2,0,2
535099,5,5,0,0
535135,4,3,0,1
535136,3,3,0,0
535149,1,1,0,0
535155,1,1,0,0
535177,2,2,0,0
535189,2,2,0,0
535229,3,3,0,0
535266,2,0,1,1
535311,2,1,1,0
535341,3,3,0,0
535365,2,2,0,0
535398,3,3,0,0
535441,4,4,0,0
535447,5,5,0,0
535459,4,2,1,1
535473,1,0,1,0
535495,3,2,0,1
535497,0,0,0,0
535502,3,3,0,0
535553,2,2,0,0
535595,2,1,1,0
535600,3,1,1,1
535610,3,2,0,1
535625,5,4,1,0
535637,3,1,0,2
535644,4,4,0,0
535682,0,0,0,0
535686,4,4,0,0
535701,1,1,0,0
535702,5,5,0,0
535706,1,1,0,0
535734,2,2,0,0
535737,0,0,0,0
535746,3,2,0,1
535747,2,1,0,1
535791,2,2,0,0
535795,5,5,0,0
535878,4,3,0,1
535879,5,4,0,1
535885,3,1,0,2
535896,2,2,0,0
535905,2,2,0,0
535906,5,3,0,2
535912,5,5,0,0
535942,2,2,0,0
535983,1,0,1,0
535994,1,0,0,1
536000,4,4,0,0
536016,2,1,1,0
536034,2,1,0,1
536035,2,2,0,0
536039,6,2,2,2
536050,3,3,0,0
536058,2,1,0,1
536066,3,3,0,0
536086,3,3,0,0
536099,4,2,0,2
536135,0,0,0,0
536170,0,0,0,0
536212,1,1,0,0
536228,1,0,0,1
536229,2,0,1,1
536241,2,1,1,0
536275,1,1,0,0
536278,3,2,0,1
536313,2,1,0,1
536343,2,1,1,0
536387,4,2,1,1
536431,5,4,0,1
536467,2,2,0,0
536469,1,1,0,0
536474,3,3,0,0
536488,0,0,0,0
536489,6,4,1,1
536490,3,3,0,0
536532,3,2,0,1
536566,2,2,0,0
536574,4,3,0,1
536594,2,0,0,2
536604,2,1,1,0
536622,4,3,1,0
536641,5,5,0,0
536651,3,3,0,0
536652,4,3,0,1
536656,3,3,0,0
536658,2,1,1,0
536659,6,6,0,0
536672,5,4,1,0
536675,3,2,1,0
536691,5,2,3,0
536695,6,5,1,0
536763,2,1,1,0
536764,5,4,1,0
536782,4,4,0,0
536791,3,3,0,0
536810,4,4,0,0
536843,4,3,0,1
536876,1,1,0,0
536893,2,1,0,1
536951,5,5,0,0
536964,1,1,0,0
536995,2,2,0,0
537038,1,1,0,0
537066,6,3,2,1
537098,1,1,0,0
537121,1,0,1,0
537123,3,3,0,0
537177,2,1,1,0
537181,5,4,0,1
537212,2,1,0,1
537227,1,1,0,0
537289,4,3,0,1
537317,4,3,0,1
537373,5,5,0,0
537393,4,3,1,0
537400,2,0,0,2
537412,4,3,0,1
537413,4,2,2,0
537414,3,3,0,0
537470,2,0,0,2
537481,1,0,0,1
537507,3,1,0,2
537560,6,4,1,1
537580,4,2,0,2
537586,3,3,0,0
537595,4,3,1,0
537659,1,0,0,1
537671,3,3,0,0
537676,5,3,1,1
537688,1,1,0,0
537723,1,1,0,0
537725,2,2,0,0
537748,6,4,1,1
537770,4,3,0,1
537776,2,0,0,2
537795,1,1,0,0
537804,1,1,0,0
537818,3,1,0,2
537819,4,3,0,1
537834,2,2,0,0
537860,1,1,0,0
537861,3,2,0,1
537904,5,4,0,1
537922,3,2,0,1
537926,2,0,0,2
537975,1,0,0,1
538069,4,4,0,0
538074,5,5,0,0
538084,5,4,0,1
538108,2,0,2,0
538112,2,2,0,0
538131,2,2,0,0
538134,3,2,1,0
538139,1,1,0,0
538147,4,3,1,0
538167,3,3,0,0
538188,4,3,0,1
538197,4,4,0,0
538214,3,2,0,1
538216,3,3,0,0
538260,3,2,0,1
538270,2,2,0,0
538274,1,1,0,0
538279,3,3,0,0
538306,2,2,0,0
538319,3,3,0,0
538321,2,0,1,1
538331,5,3,1,1
538349,5,3,1,1
538350,2,2,0,0
538388,5,5,0,0
538413,1,1,0,0
538426,1,1,0,0
538432,4,4,0,0
538438,3,3,0,0
538441,3,2,0,1
538454,3,1,1,1
538457,3,3,0,0
538458,4,3,1,0
538463,0,0,0,0
538489,3,2,0,1
538511,0,0,0,0
538522,4,4,0,0
538529,3,3,0,0
538538,3,3,0,0
538608,4,4,0,0
538638,2,2,0,0
538641,3,3,0,0
538666,3,2,1,0
538677,1,1,0,0
538680,3,2,1,0
538681,1,1,0,0
538691,4,3,0,1
538696,2,0,0,2
538703,3,2,1,0
538714,3,3,0,0
538780,3,3,0,0
538788,2,2,0,0
538814,2,0,1,1
538883,2,2,0,0
538915,4,3,1,0
538919,1,1,0,0
538944,5,4,1,0
538976,5,3,0,2
539008,3,3,0,0
539010,3,2,0,1
539012,3,3,0,0
539093,3,3,0,0
539105,1,1,0,0
539135,5,4,1,0
539140,3,3,0,0
539146,1,1,0,0
539209,4,3,1,0
539221,6,3,0,3
539243,3,3,0,0
539267,2,2,0,0
539283,2,1,0,1
539300,3,1,2,0
539304,2,0,0,2
539307,0,0,0,0
539315,3,3,0,0
539317,5,4,0,1
539320,5,3,0,2
539337,3,1,2,0
539338,3,2,1,0
539384,2,2,0,0
539414,3,2,0,1
539426,3,2,0,1
539453,1,0,0,1
539460,3,3,0,0
539493,0,0,0,0
539510,4,3,0,1
539519,3,2,0,1
539528,4,3,1,0
539542,2,0,1,1
539558,4,4,0,0
539566,2,2,0,0
539611,3,3,0,0
539625,2,2,0,0
539627,2,2,0,0
539637,4,2,0,2
539648,4,3,0,1
539656,1,0,0,1
539669,2,1,0,1
539671,1,1,0,0
539710,4,4,0,0
539729,1,1,0,0
539782,1,0,1,0
539794,4,4,0,0
539855,2,2,0,0
539864,4,2,1,1
539866,0,0,0,0
539868,3,2,1,0
539883,5,3,1,1
539888,1,0,0,1
539899,1,0,1,0
539912,5,4,1,0
539916,3,1,1,1
539917,4,3,1,0
539919,3,1,0,2
539936,2,2,0,0
539953,2,2,0,0
539962,1,1,0,0
540014,3,3,0,0
540029,2,2,0,0
540043,0,0,0,0
540094,3,2,1,0
540138,1,0,0,1
540147,5,5,0,0
540150,2,2,0,0
540180,5,4,1,0
540199,3,3,0,0
540226,0,0,0,0
540244,4,3,1,0
540252,2,1,0,1
540253,1,1,0,0
540260,3,3,0,0
540302,5,3,1,1
540306,3,3,0,0
540308,1,1,0,0
540319,3,1,2,0
540347,6,6,0,0
540348,2,2,0,0
540413,2,2,0,0
540415,2,2,0,0
540444,4,2,1,1
540455,2,2,0,0
540475,2,1,0,1
540502,4,3,0,1
540527,4,4,0,0
540557,4,3,0,1
540572,6,5,0,1
540580,4,2,1,1
540597,2,1,1,0
540605,1,1,0,0
540614,4,4,0,0
540622,3,3,0,0
540642,1,0,0,1
540652,0,0,0,0
540653,1,0,0,1
540654,4,4,0,0
540656,6,5,0,1
540664,2,1,1,0
540666,2,2,0,0
540698,3,3,0,0
540708,4,3,0,1
540718,3,1,1,1
540733,4,2,1,1
540777,1,0,0,1
540819,4,4,0,0
540837,1,1,0,0
540857,0,0,0,0
540863,2,0,1,1
540924,3,0,0,3
540941,2,0,1,1
540966,0,0,0,0
540973,3,3,0,0
540974,2,1,0,1
541001,2,1,1,0
541034,1,0,0,1
541040,3,2,0,1
541041,1,1,0,0
541047,2,1,0,1
541061,2,0,1,1
541083,1,1,0,0
541084,5,2,0,3
541112,4,3,0,1
541132,0,0,0,0
541150,3,2,0,1
541162,5,4,1,0
541168,6,3,2,1
541176,3,3,0,0
541193,0,0,0,0
541216,1,1,0,0
541224,2,2,0,0
541235,5,5,0,0
541236,0,0,0,0
541240,2,1,0,1
541249,3,2,0,1
541259,5,2,2,1
541262,4,4,0,0
541282,2,1,0,1
541289,4,4,0,0
541326,2,1,1,0
541352,2,2,0,0
541357,4,3,1,0
541382,5,5,0,0
541389,5,3,2,0
541438,2,2,0,0
541454,5,5,0,0
541497,0,0,0,0
541505,3,3,0,0
541516,3,2,0,1
541539,1,1,0,0
541540,4,3,1,0
541612,5,3,2,0
541649,6,6,0,0
541672,4,4,0,0
541699,6,2,3,1
541700,2,1,1,0
541734,3,3,0,0
541735,1,0,0,1
541752,4,4,0,0
541764,3,2,0,1
541812,6,4,1,1
541878,2,1,0,1
541901,6,4,1,1
541906,4,2,1,1
541921,2,1,0,1
541923,3,2,0,1
541931,4,2,0,2
541939,4,2,1,1
541967,4,3,1,0
541972,2,2,0,0
541980,1,1,0,0
541988,0,0,0,0
541998,3,3,0,0
541999,2,0,0,2
542012,3,3,0,0
542015,6,4,0,2
542027,4,3,0,1
542036,2,2,0,0
542056,2,1,0,1
542059,3,2,1,0
542065,2,2,0,0
542080,3,3,0,0
542095,1,1,0,0
542142,6,4,1,1
542153,2,2,0,0
542189,1,1,0,0
542194,3,1,2,0
542196,2,0,1,1
542208,5,5,0,0
542230,1,1,0,0
542254,2,2,0,0
542267,0,0,0,0
542270,3,2,0,1
542277,2,2,0,0
542282,4,4,0,0
542303,1,1,0,0
542316,2,0,0,2
542326,3,3,0,0
542334,2,1,0,1
542358,3,2,0,1
542366,3,3,0,0
542383,3,3,0,0
542418,4,4,0,0
542451,2,2,0,0
542471,4,3,1,0
542482,1,0,1,0
542570,1,1,0,0
542585,3,1,1,1
542605,1,1,0,0
542638,0,0,0,0
542657,4,3,1,0
542658,3,1,2,0
542663,5,5,0,0
542670,3,2,0,1
542706,1,0,0,1
542752,3,3,0,0
542760,5,4,0,1
542767,2,2,0,0
542795,4,4,0,0
542796,4,2,2,0
542805,4,4,0,0
542812,1,0,0,1
542815,0,0,0,0
542825,4,4,0,0
542843,2,2,0,0
542850,4,3,1,0
542857,0,0,0,0
542874,1,1,0,0
542914,3,1,1,1
542918,4,3,1,0
542937,5,5,0,0
542965,1,0,0,1
542976,3,2,0,1
543008,2,2,0,0
543038,3,3,0,0
543052,5,3,2,0
543074,1,1,0,0
543075,1,1,0,0
543081,4,4,0,0
543114,5,4,0,1
543126,3,2,0,1
543165,3,2,1,0
543222,3,2,1,0
543237,3,2,1,0
543240,3,1,0,2
543271,2,2,0,0
543273,5,3,0,2
543304,3,3,0,0
543306,3,1,1,1
543327,4,4,0,0
543339,3,3,0,0
543352,4,2,1,1
543375,4,4,0,0
543385,6,5,0,1
543428,2,0,0,2
543437,2,1,0,1
543476,1,0,0,1
543497,5,4,1,0
543557,2,2,0,0
543559,2,2,0,0
543618,1,1,0,0
543620,0,0,0,0
543659,5,4,1,0
543660,2,0,1,1
543666,4,4,0,0
543668,5,5,0,0
543671,2,1,0,1
543694,1,1,0,0
543696,0,0,0,0
543713,3,2,0,1
543716,4,4,0,0
543723,0,0,0,0
543728,5,5,0,0
543778,4,3,0,1
543810,6,5,0,1
543816,0,0,0,0
543817,1,1,0,0
543826,3,2,0,1
543885,1,0,0,1
543900,2,2,0,0
543927,3,3,0,0
543928,2,2,0,0
543937,3,2,0,1
543952,5,4,1,0
543968,6,6,0,0
543976,4,3,0,1
544002,3,3,0,0
544008,3,2,1,0
544012,4,3,0,1
544015,1,1,0,0
544043,4,3,0,1
544163,4,2,0,2
544207,4,3,0,1
544254,4,3,1,0
544256,1,1,0,0
544271,1,1,0,0
544333,0,0,0,0
544364,0,0,0,0
544367,3,2,1,0
544391,3,2,0,1
544406,4,3,1,0
544414,3,3,0,0
544425,0,0,0,0
544444,2,2,0,0
544447,2,0,1,1
544449,4,2,0,2
544469,3,2,1,0
544472,0,0,0,0
544476,1,1,0,0
544480,3,3,0,0
544495,3,2,0,1
544497,1,0,0,1
544507,0,0,0,0
544513,4,3,1,0
544536,1,0,0,1
544549,4,4,0,0
544595,4,4,0,0
544604,2,1,1,0
544627,4,3,1,0
544640,5,4,1,0
544647,1,0,0,1
544680,4,4,0,0
544683,4,4,0,0
544685,2,2,0,0
544694,2,2,0,0
544698,1,0,0,1
544747,4,3,0,1
544749,1,1,0,0
544818,2,2,0,0
544839,3,2,1,0
544868,2,1,1,0
544926,3,3,0,0
545010,3,2,1,0
545011,4,3,1,0
545012,3,2,0,1
545063,0,0,0,0
545070,3,1,0,2
545089,1,1,0,0
545109,2,2,0,0
545115,1,1,0,0
545132,1,1,0,0
545208,1,1,0,0
545209,3,3,0,0
545226,3,2,0,1
545247,1,0,0,1
545249,5,3,1,1
545264,0,0,0,0
545272,1,1,0,0
545281,0,0,0,0
545290,4,3,1,0
545300,5,5,0,0
545317,6,5,1,0
545318,3,3,0,0
545327,4,3,0,1
545344,2,1,0,1
545345,1,1,0,0
545360,2,0,1,1
545375,2,1,0,1
545399,1,1,0,0
545404,6,5,1,0
545446,3,1,1,1
545465,1,1,0,0
545510,3,1,1,1
545518,4,4,0,0
545551,4,4,0,0
545577,5,5,0,0
545629,5,5,0,0
545633,3,3,0,0
545634,3,3,0,0
545652,3,3,0,0
545684,2,2,0,0
545736,3,2,0,1
545745,2,1,1,0
545748,2,1,1,0
545754,0,0,0,0
545755,5,3,1,1
545758,2,2,0,0
545763,2,1,0,1
545770,4,4,0,0
545771,2,2,0,0
545803,3,3,0,0
545805,4,3,0,1
545810,1,0,0,1
545848,1,0,0,1
545865,4,3,1,0
545879,3,3,0,0
545936,3,2,0,1
545939,4,3,1,0
545958,1,0,1,0
545981,5,3,0,2
546008,4,4,0,0
546050,2,2,0,0
546061,4,3,1,0
546064,5,5,0,0
546065,3,3,0,0
546072,4,3,0,1
546121,1,1,0,0
546127,4,4,0,0
546130,2,1,1,0
546131,4,3,0,1
546161,3,3,0,0
546164,2,1,0,1
546190,3,3,0,0
546224,2,2,0,0
546256,5,3,0,2
546280,3,3,0,0
546282,2,2,0,0
546307,5,4,0,1
546334,1,1,0,0
546395,4,4,0,0
546399,1,0,1,0
546419,4,3,1,0
546437,5,5,0,0
546462,2,0,0,2
546470,1,0,1,0
546485,4,4,0,0
546509,3,3,0,0
546529,4,3,1,0
546587,4,1,3,0
546612,1,1,0,0
546648,4,2,1,1
546664,1,1,0,0
546671,1,1,0,0
546679,4,2,1,1
546688,3,3,0,0
546702,3,3,0,0
546728,2,2,0,0
546740,2,2,0,0
546756,2,1,1,0
546774,3,1,1,1
546842,1,0,0,1
546844,5,5,0,0
546847,5,4,0,1
546857,1,0,0,1
546864,2,2,0,0
546867,3,3,0,0
546881,2,2,0,0
546882,2,1,1,0
546884,1,0,0,1
546888,2,2,0,0
546900,3,3,0,0
546937,0,0,0,0
546964,6,5,1,0
546972,3,2,0,1
547006,1,1,0,0
547007,5,4,0,1
547037,3,2,0,1
547070,6,4,1,1
547100,3,3,0,0
547130,2,1,0,1
547150,3,3,0,0
547164,2,2,0,0
547175,2,1,0,1
547180,2,1,0,1
547181,3,1,0,2
547201,1,0,0,1
547266,3,2,0,1
547301,2,0,1,1
547320,1,0,0,1
547325,2,2,0,0
547336,1,1,0,0
547342,1,1,0,0
547412,2,2,0,0
547453,3,2,0,1
547458,4,2,1,1
547459,4,2,0,2
547483,2,2,0,0
547512,4,4,0,0
547555,5,4,1,0
547559,6,5,1,0
547568,2,1,0,1
547594,1,1,0,0
547606,3,3,0,0
547613,4,2,1,1
547617,3,0,2,1
547663,2,2,0,0
547664,4,2,2,0
547693,1,1,0,0
547761,2,2,0,0
547776,3,3,0,0
547779,3,3,0,0
547792,5,2,2,1
547817,3,1,0,2
547823,5,4,0,1
547825,2,1,0,1
547834,0,0,0,0
547836,3,1,1,1
547857,1,1,0,0
547862,4,3,0,1
547878,3,1,0,2
547911,2,2,0,0
547938,1,0,1,0
547951,4,4,0,0
547966,2,1,0,1
547997,1,0,1,0
548006,2,2,0,0
548022,4,4,0,0
548032,3,2,1,0
548037,2,2,0,0
548040,3,3,0,0
548093,1,0,0,1
548109,5,4,1,0
548113,4,3,1,0
548120,3,2,1,0
548123,0,0,0,0
548185,2,0,0,2
548189,4,2,0,2
548190,3,2,0,1
548193,2,1,1,0
548222,4,2,1,1
548228,1,0,0,1
548230,3,1,0,2
548256,4,2,1,1
548258,6,6,0,0
548272,3,3,0,0
548307,2,2,0,0
548310,1,1,0,0
548391,1,1,0,0
548408,5,5,0,0
548422,5,5,0,0
548434,3,1,1,1
548448,3,1,0,2
548474,3,0,1,2
548488,3,3,0,0
548490,2,2,0,0
548504,7,5,2,0
548560,1,1,0,0
548568,4,4,0,0
548587,2,2,0,0
548635,4,4,0,0
548651,5,4,1,0
548653,5,5,0,0
548672,4,4,0,0
548708,3,2,0,1
548743,2,1,0,1
548853,3,1,1,1
548859,3,3,0,0
548872,1,0,0,1
548961,4,2,1,1
548967,6,6,0,0
548978,4,1,0,3
548988,4,3,0,1
548990,2,1,0,1
549058,2,2,0,0
549115,1,1,0,0
549116,3,3,0,0
549121,2,2,0,0
549141,2,0,0,2
549152,4,3,0,1
549154,5,3,0,2
549190,2,1,0,1
549202,5,3,0,2
549235,2,0,0,2
549251,2,1,1,0
549274,1,1,0,0
549281,5,5,0,0
549290,1,0,0,1
549292,3,3,0,0
549293,0,0,0,0
549303,3,3,0,0
549313,2,2,0,0
549320,2,0,0,2
549357,2,1,1,0
549359,3,3,0,0
549361,4,4,0,0
549366,0,0,0,0
549367,4,3,0,1
549377,4,2,1,1
549389,2,0,0,2
549390,3,0,0,3
549450,1,1,0,0
549466,3,2,1,0
549472,1,1,0,0
549482,5,5,0,0
549515,5,3,1,1
549569,3,2,1,0
549572,4,4,0,0
549579,1,1,0,0
549580,6,6,0,0
549584,2,2,0,0
549608,0,0,0,0
549611,6,6,0,0
549623,4,4,0,0
549631,4,4,0,0
549710,5,4,0,1
549714,2,2,0,0
549733,2,1,1,0
549746,6,5,0,1
549759,0,0,0,0
549764,3,1,1,1
549777,1,1,0,0
549797,5,3,1,1
549800,2,1,1,0
549850,4,4,0,0
549894,1,0,1,0
549938,3,2,0,1
549988,1,0,1,0
549992,2,1,1,0
550017,5,3,0,2
550019,4,4,0,0
550022,0,0,0,0
550028,1,0,1,0
550068,4,2,0,2
550071,5,5,0,0
550077,2,2,0,0
550105,2,1,0,1
550110,3,3,0,0
550134,2,2,0,0
550193,1,0,0,1
550200,2,2,0,0
550202,5,4,1,0
550221,3,3,0,0
550222,3,3,0,0
550229,3,3,0,0
550233,4,4,0,0
550298,1,0,0,1
550300,4,4,0,0
550317,3,1,0,2
550400,2,2,0,0
550421,1,1,0,0
550426,4,3,0,1
550442,2,1,0,1
550455,2,1,0,1
550459,4,3,1,0
550460,4,3,0,1
550482,0,0,0,0
550506,2,1,0,1
550514,2,1,0,1
550572,3,2,0,1
550579,5,3,2,0
550599,2,0,2,0
550627,1,0,1,0
550703,2,0,0,2
550711,1,1,0,0
550752,2,2,0,0
550754,3,3,0,0
550796,4,0,1,3
550804,1,1,0,0
550805,6,3,2,1
550830,1,1,0,0
550868,1,1,0,0
550871,3,3,0,0
550887,2,0,0,2
550904,5,5,0,0
550973,4,4,0,0
550985,2,2,0,0
551023,4,3,1,0
551032,3,3,0,0
551042,5,3,0,2
551051,1,0,0,1
551088,5,3,0,2
551116,2,2,0,0
551166,2,1,0,1
551210,0,0,0,0
551211,0,0,0,0
551217,4,4,0,0
551237,2,1,1,0
551241,3,1,1,1
551245,1,1,0,0
551278,2,1,1,0
551282,4,4,0,0
551331,3,3,0,0
551340,2,0,1,1
551359,5,3,0,2
551430,2,2,0,0
551431,0,0,0,0
551448,3,2,1,0
551468,4,4,0,0
551473,1,0,0,1
551486,1,1,0,0
551488,2,0,0,2
551501,0,0,0,0
551549,3,2,1,0
551560,1,1,0,0
551567,6,6,0,0
551576,1,1,0,0
551600,1,1,0,0
551615,2,0,1,1
551620,3,1,1,1
551622,1,1,0,0
551627,2,1,1,0
551662,1,1,0,0
551665,4,3,0,1
551671,0,0,0,0
551681,2,2,0,0
551685,1,1,0,0
551718,3,2,0,1
551729,1,1,0,0
551804,5,4,0,1
551834,3,1,1,1
551847,2,2,0,0
551890,4,2,1,1
551908,0,0,0,0
551914,2,2,0,0
551935,1,0,0,1
551963,4,3,1,0
551967,3,2,0,1
551978,2,1,0,1
551990,3,2,0,1
552036,1,1,0,0
552088,3,2,0,1
552165,0,0,0,0
552172,4,3,0,1
552192,5,4,0,1
552209,1,0,1,0
552302,0,0,0,0
552303,4,3,0,1
552313,6,5,1,0
552314,4,1,2,1
552345,3,3,0,0
552348,4,4,0,0
552363,3,3,0,0
552364,1,0,0,1
552366,4,3,0,1
552372,2,2,0,0
552384,3,3,0,0
552414,4,4,0,0
552432,4,3,1,0
552440,2,2,0,0
552473,3,1,2,0
552487,2,1,0,1
552506,1,0,1,0
552532,2,2,0,0
552535,4,4,0,0
552558,4,2,0,2
552573,2,1,1,0
552597,3,2,1,0
552598,3,2,1,0
552613,4,4,0,0
552623,1,1,0,0
552642,3,3,0,0
552643,3,3,0,0
552649,2,2,0,0
552653,2,2,0,0
552661,3,3,0,0
552726,1,0,0,1
552732,2,2,0,0
552734,4,3,1,0
552760,3,1,2,0
552763,3,2,1,0
552775,3,2,0,1
552809,4,2,1,1
552861,2,2,0,0
552904,4,4,0,0
552929,4,3,0,1
552944,3,3,0,0
552945,5,3,1,1
553017,5,4,0,1
553054,1,1,0,0
553139,4,4,0,0
553151,4,1,2,1
553208,1,0,0,1
553219,5,4,0,1
553220,4,3,0,1
553231,3,3,0,0
553245,1,1,0,0
553339,4,3,1,0
553361,4,2,1,1
553456,3,2,1,0
553533,1,1,0,0
553559,2,1,0,1
553568,4,4,0,0
553607,3,3,0,0
553631,0,0,0,0
553633,0,0,0,0
553645,4,2,1,1
553664,2,2,0,0
553690,0,0,0,0
553704,2,1,0,1
553743,1,0,1,0
553751,3,3,0,0
553754,3,3,0,0
553773,4,4,0,0
553783,1,1,0,0
553791,3,3,0,0
553805,2,2,0,0
553876,3,2,1,0
553901,3,2,0,1
553904,2,2,0,0
553938,3,3,0,0
553943,4,3,1,0
553955,6,6,0,0
553967,3,2,1,0
553984,1,1,0,0
553985,3,3,0,0
554026,4,4,0,0
554079,5,3,0,2
554141,4,3,0,1
554155,2,1,0,1
554163,6,5,1,0
554175,3,3,0,0
554202,2,1,0,1
554213,3,3,0,0
554217,2,1,1,0
554269,3,3,0,0
554284,2,2,0,0
554289,1,0,0,1
554299,0,0,0,0
554357,0,0,0,0
554413,4,3,1,0
554444,3,3,0,0
554450,0,0,0,0
554507,3,1,0,2
554532,3,3,0,0
554560,1,1,0,0
554609,2,2,0,0
554632,1,0,0,1
554670,2,1,1,0
554681,1,0,0,1
554724,1,0,0,1
554753,4,3,1,0
554801,3,3,0,0
554853,2,1,0,1
554866,0,0,0,0
554885,5,5,0,0
554922,1,1,0,0
554939,0,0,0,0
554949,0,0,0,0
554956,5,3,1,1
554961,4,1,1,2
555030,1,1,0,0
555058,2,1,1,0
555075,0,0,0,0
555083,2,2,0,0
555108,3,2,1,0
555135,6,3,0,3
555147,1,1,0,0
555151,6,3,1,2
555180,2,1,0,1
555186,4,4,0,0
555187,0,0,0,0
555191,2,2,0,0
555193,2,2,0,0
555203,2,0,0,2
555206,5,2,0,3
555250,1,1,0,0
555257,4,4,0,0
555275,2,2,0,0
555277,1,1,0,0
555299,1,1,0,0
555301,4,3,0,1
555310,6,5,0,1
555326,2,2,0,0
555334,1,0,1,0
555418,0,0,0,0
555428,3,2,0,1
555478,3,3,0,0
555484,5,4,0,1
555492,2,1,1,0
555499,4,3,0,1
555521,2,2,0,0
555563,4,3,0,1
555587,4,2,1,1
555600,2,2,0,0
555648,5,5,0,0
555656,0,0,0,0
555698,3,3,0,0
555710,3,2,0,1
555712,0,0,0,0
555751,2,1,1,0
555770,4,2,0,2
555773,1,1,0,0
555782,2,1,0,1
555784,3,2,0,1
555796,4,3,0,1
555818,0,0,0,0
555850,2,2,0,0
555852,4,3,1,0
555894,4,3,1,0
555934,3,3,0,0
555960,0,0,0,0
555990,1,0,0,1
555997,7,6,1,0
556015,3,3,0,0
556019,3,3,0,0
556043,1,0,1,0
556052,3,3,0,0
556067,5,5,0,0
556111,3,2,1,0
556119,2,2,0,0
556127,3,3,0,0
556138,4,3,0,1
556199,0,0,0,0
556214,2,2,0,0
556215,2,2,0,0
556268,2,1,1,0
556274,2,0,1,1
556314,2,1,1,0
556347,4,2,2,0
556391,1,1,0,0
556395,0,0,0,0
556417,0,0,0,0
556533,3,2,0,1
556579,3,1,0,2
556621,1,0,0,1
556622,4,2,2,0
556623,2,2,0,0
556647,2,2,0,0
556673,3,1,1,1
556714,2,2,0,0
556744,3,3,0,0
556824,4,4,0,0
556827,3,0,2,1
556830,3,0,1,2
556841,3,1,1,1
556887,4,3,1,0
556900,1,0,0,1
556904,3,3,0,0
556906,3,2,0,1
557005,4,3,0,1
557010,0,0,0,0
557033,3,3,0,0
557036,3,1,2,0
557055,2,2,0,0
557107,5,4,0,1
557108,1,1,0,0
557118,5,5,0,0
557134,5,2,0,3
557236,4,4,0,0
557248,0,0,0,0
557262,4,3,0,1
557282,2,2,0,0
557298,2,2,0,0
557307,1,1,0,0
557314,4,4,0,0
557343,1,1,0,0
557402,1,1,0,0
557449,1,1,0,0
557476,3,3,0,0
557492,2,1,0,1
557496,1,1,0,0
557508,4,4,0,0
557525,3,3,0,0
557562,5,3,0,2
557569,2,1,0,1
557643,3,2,1,0
557672,3,2,1,0
557692,3,2,0,1
557726,2,1,1,0
557762,3,2,0,1
557794,4,3,1,0
557799,1,0,0,1
557815,4,3,0,1
557834,2,2,0,0
557851,4,4,0,0
557875,2,2,0,0
557876,3,2,1,0
557879,1,1,0,0
557887,3,1,0,2
557921,4,4,0,0
557932,4,3,1,0
557956,3,1,0,2
557957,2,1,1,0
557963,3,3,0,0
557986,2,2,0,0
557992,0,0,0,0
558018,2,2,0,0
558019,2,2,0,0
558081,3,3,0,0
558114,4,3,0,1
558138,4,4,0,0
558147,1,0,0,1
558202,3,1,1,1
558204,3,2,1,0
558251,3,3,0,0
558270,4,4,0,0
558277,5,5,0,0
558294,3,3,0,0
558300,3,3,0,0
558362,4,4,0,0
558388,4,3,0,1
558394,2,2,0,0
558395,1,0,0,1
558437,1,1,0,0
558466,2,2,0,0
558489,3,2,1,0
558506,2,2,0,0
558513,3,3,0,0
558651,2,1,1,0
558659,1,1,0,0
558682,3,2,0,1
558774,2,1,1,0
558786,3,2,1,0
558838,5,4,1,0
558851,1,1,0,0
558852,0,0,0,0
558919,0,0,0,0
558920,4,4,0,0
558966,3,3,0,0
558987,3,2,0,1
558988,3,3,0,0
559068,3,2,1,0
559071,3,0,2,1
559093,5,3,0,2
559094,1,0,0,1
559107,4,2,1,1
559112,3,2,1,0
559146,4,1,1,2
559148,3,2,1,0
559164,1,1,0,0
559176,2,1,0,1
559194,2,2,0,0
559211,4,4,0,0
559226,1,1,0,0
559228,1,1,0,0
559266,1,1,0,0
559277,4,1,0,3
559324,3,2,0,1
559345,2,0,1,1
559368,3,3,0,0
559407,4,4,0,0
559432,1,1,0,0
559441,2,0,1,1
559461,0,0,0,0
559464,2,1,1,0
559465,0,0,0,0
559468,2,1,0,1
559469,4,3,1,0
559473,3,3,0,0
559520,1,1,0,0
559537,2,2,0,0
559547,1,0,0,1
559661,1,1,0,0
559695,4,2,1,1
559712,3,3,0,0
559758,1,0,0,1
559772,6,6,0,0
559775,3,3,0,0
559782,4,4,0,0
559787,4,2,2,0
559794,5,4,1,0
559832,0,0,0,0
559834,2,2,0,0
559846,1,1,0,0
559863,3,3,0,0
559901,4,4,0,0
559918,3,1,0,2
559936,3,3,0,0
559981,6,6,0,0
559995,1,1,0,0
560015,1,1,0,0
560035,2,2,0,0
560065,4,2,0,2
560078,3,2,1,0
560085,5,4,1,0
560090,3,2,0,1
560125,2,2,0,0
560175,2,1,1,0
560195,6,4,1,1
560213,2,2,0,0
560245,3,3,0,0
560257,1,0,0,1
560273,3,2,0,1
560279,0,0,0,0
560291,3,2,1,0
560341,3,1,0,2
560362,4,4,0,0
560367,5,4,1,0
560374,5,4,0,1
560433,0,0,0,0
560468,3,3,0,0
560478,2,1,0,1
560495,0,0,0,0
560497,1,1,0,0
560508,1,0,1,0
560511,6,5,0,1
560519,2,1,1,0
560529,1,0,0,1
560627,3,3,0,0
560672,3,3,0,0
560680,1,1,0,0
560723,0,0,0,0
560733,4,3,0,1
560739,4,4,0,0
560747,4,3,1,0
560796,2,1,1,0
560803,5,5,0,0
560854,4,4,0,0
560870,2,1,1,0
560888,3,2,1,0
560897,3,3,0,0
560915,1,1,0,0
560929,2,1,0,1
560948,0,0,0,0
560949,2,1,0,1
560978,2,1,0,1
560991,4,4,0,0
561013,3,1,1,1
561031,5,5,0,0
561033,4,4,0,0
561037,2,1,0,1
561044,0,0,0,0
561054,4,3,0,1
561156,0,0,0,0
561201,3,1,1,1
561243,4,3,1,0
561288,0,0,0,0
561326,2,1,0,1
561331,2,2,0,0
561333,0,0,0,0
561339,2,2,0,0
561353,4,3,1,0
561367,2,1,1,0
561386,4,3,1,0
561503,4,2,1,1
561519,2,0,0,2
561642,4,3,0,1
561652,3,2,1,0
561653,4,3,0,1
561665,1,1,0,0
561687,3,2,0,1
561699,1,1,0,0
561707,2,0,2,0
561710,3,2,1,0
561798,3,3,0,0
561837,2,1,0,1
561846,4,3,0,1
561864,3,2,0,1
561896,1,1,0,0
561908,3,3,0,0
561945,1,1,0,0
561950,7,7,0,0
561992,2,2,0,0
561994,3,3,0,0
562010,5,3,2,0
562032,2,0,0,2
562042,2,2,0,0
562108,5,5,0,0
562148,4,4,0,0
562161,2,2,0,0
562192,3,2,1,0
562209,2,2,0,0
562238,1,1,0,0
562275,5,5,0,0
562283,1,0,0,1
562315,2,2,0,0
562334,4,3,0,1
562338,3,1,0,2
562362,2,2,0,0
562398,4,3,0,1
562416,3,2,0,1
562417,3,3,0,0
562428,3,3,0,0
562490,3,1,2,0
562516,0,0,0,0
562529,4,4,0,0
562576,3,0,1,2
562585,1,1,0,0
562587,1,0,0,1
562612,4,3,0,1
562641,1,1,0,0
562648,3,3,0,0
562708,5,5,0,0
562814,1,0,0,1
562832,5,2,2,1
562843,4,3,1,0
562869,4,4,0,0
562886,4,4,0,0
562888,0,0,0,0
562894,2,1,1,0
563012,1,0,0,1
563021,1,1,0,0
563052,1,0,0,1
563059,5,4,1,0
563100,2,2,0,0
563148,4,4,0,0
563162,3,3,0,0
563165,2,2,0,0
563201,3,2,1,0
563221,4,4,0,0
563253,3,2,0,1
563254,2,2,0,0
563266,2,2,0,0
563315,3,2,0,1
563335,1,1,0,0
563340,2,1,1,0
563342,1,1,0,0
563343,2,1,0,1
563375,3,1,1,1
563410,2,2,0,0
563425,2,1,0,1
563482,2,2,0,0
563483,5,4,0,1
563489,5,3,1,1
563507,4,3,1,0
563544,3,3,0,0
563588,2,1,1,0
563592,3,2,0,1
563598,2,1,0,1
563679,0,0,0,0
563691,1,0,0,1
563711,4,4,0,0
563731,5,3,1,1
563735,5,3,2,0
563736,3,2,0,1
563740,3,2,0,1
563773,3,2,0,1
563787,4,2,1,1
563831,1,1,0,0
563853,3,2,1,0
563882,3,3,0,0
563896,2,2,0,0
563956,2,2,0,0
563974,1,0,0,1
563995,2,2,0,0
564052,3,3,0,0
564100,6,4,1,1
564101,1,1,0,0
564112,3,3,0,0
564182,3,3,0,0
564204,5,4,1,0
564219,4,3,0,1
564234,2,1,1,0
564252,3,3,0,0
564258,3,1,0,2
564306,4,2,1,1
564312,4,3,0,1
564364,1,1,0,0
564369,0,0,0,0
564377,3,1,1,1
564430,6,4,1,1
564434,0,0,0,0
564495,4,3,0,1
564498,0,0,0,0
564517,4,4,0,0
564534,3,3,0,0
564588,2,0,0,2
564593,2,1,0,1
564596,4,4,0,0
564604,3,2,1,0
564606,3,2,0,1
564616,2,1,1,0
564620,4,3,1,0
564699,4,4,0,0
564713,4,2,2,0
564736,5,5,0,0
564737,1,1,0,0
564792,2,1,0,1
564822,0,0,0,0
564842,2,2,0,0
564854,2,1,0,1
564962,4,4,0,0
565056,0,0,0,0
565070,2,2,0,0
565076,0,0,0,0
565109,4,3,1,0
565114,4,1,2,1
565131,3,3,0,0
565212,4,4,0,0
565240,0,0,0,0
565251,3,3,0,0
565265,5,4,0,1
565275,2,0,1,1
565280,2,1,1,0
565294,5,4,0,1
565301,5,5,0,0
565348,1,0,0,1
565365,1,1,0,0
565377,4,3,0,1
565387,2,1,1,0
565419,3,1,2,0
565459,3,3,0,0
565460,3,2,0,1
565464,2,2,0,0
565467,3,2,0,1
565487,0,0,0,0
565508,0,0,0,0
565510,3,3,0,0
565511,1,1,0,0
565514,4,3,1,0
565565,4,2,1,1
565573,6,6,0,0
565582,2,2,0,0
565601,0,0,0,0
565718,4,3,0,1
565755,1,1,0,0
565764,1,1,0,0
565768,5,3,1,1
565791,3,3,0,0
565826,1,0,0,1
565827,2,2,0,0
565841,3,2,0,1
565902,2,2,0,0
565910,2,1,1,0
565912,2,0,1,1
565915,1,1,0,0
565935,3,3,0,0
565949,4,3,0,1
566002,0,0,0,0
566008,5,5,0,0
566032,4,3,1,0
566044,1,1,0,0
566059,4,4,0,0
566061,3,3,0,0
566096,4,2,1,1
566097,0,0,0,0
566152,4,2,2,0
566173,2,1,0,1
566174,3,3,0,0
566196,3,2,0,1
566275,2,1,0,1
566279,1,1,0,0
566312,2,1,0,1
566336,6,6,0,0
566338,1,1,0,0
566366,3,2,0,1
566424,2,1,0,1
566432,4,3,0,1
566455,4,4,0,0
566456,0,0,0,0
566489,3,2,1,0
566533,1,1,0,0
566547,2,2,0,0
566592,0,0,0,0
566614,2,1,0,1
566625,4,2,0,2
566626,1,1,0,0
566650,2,2,0,0
566682,3,2,1,0
566702,3,2,0,1
566726,2,2,0,0
566735,4,4,0,0
566749,0,0,0,0
566762,5,4,0,1
566770,2,0,1,1
566787,3,2,1,0
566815,4,3,0,1
566861,5,3,1,1
566875,5,4,1,0
566881,5,4,1,0
566953,2,2,0,0
566964,3,2,0,1
566992,5,5,0,0
566996,1,0,1,0
566998,2,2,0,0
566999,3,1,2,0
567052,1,0,0,1
567061,1,1,0,0
567114,0,0,0,0
567172,2,2,0,0
567195,2,1,0,1
567211,2,2,0,0
567219,3,3,0,0
567243,1,1,0,0
567245,0,0,0,0
567256,5,4,1,0
567342,1,0,0,1
567390,0,0,0,0
567431,1,1,0,0
567432,5,5,0,0
567448,2,1,1,0
567458,1,1,0,0
567478,4,3,1,0
567518,3,2,0,1
567547,2,1,1,0
567548,1,1,0,0
567558,2,1,0,1
567563,3,1,2,0
567589,1,0,0,1
567643,3,2,0,1
567651,4,4,0,0
567682,3,2,1,0
567778,4,3,0,1
567824,0,0,0,0
567849,4,4,0,0
567885,3,2,0,1
567906,3,2,1,0
567943,0,0,0,0
567950,3,3,0,0
567961,3,2,1,0
568004,3,3,0,0
568013,3,3,0,0
568060,4,2,0,2
568064,2,2,0,0
568078,2,1,1,0
568086,1,1,0,0
568093,3,3,0,0
568101,4,3,1,0
568105,4,3,0,1
568121,2,2,0,0
568155,1,0,0,1
568167,4,3,0,1
568182,2,1,0,1
568258,2,0,0,2
568325,1,1,0,0
568371,1,1,0,0
568385,4,4,0,0
568416,2,2,0,0
568463,2,2,0,0
568486,4,4,0,0
568513,2,0,0,2
568536,0,0,0,0
568602,2,2,0,0
568605,2,1,0,1
568641,1,1,0,0
568696,3,2,1,0
568713,4,3,0,1
568716,5,4,1,0
568773,5,5,0,0
568790,3,3,0,0
568917,0,0,0,0
568931,5,4,1,0
568970,2,0,2,0
568984,1,0,0,1
569031,2,2,0,0
569082,3,2,1,0
569107,0,0,0,0
569150,5,4,1,0
569170,5,3,0,2
569180,3,1,1,1
569203,1,1,0,0
569236,4,3,0,1
569239,3,3,0,0
569243,2,2,0,0
569300,4,3,0,1
569335,1,0,0,1
569342,3,1,2,0
569364,3,2,0,1
569458,1,1,0,0
569466,3,3,0,0
569472,2,2,0,0
569530,3,3,0,0
569534,5,2,3,0
569572,4,3,0,1
569643,0,0,0,0
569733,4,4,0,0
569754,5,3,2,0
569779,2,2,0,0
569788,2,1,0,1
569792,4,4,0,0
569817,3,2,0,1
569829,5,5,0,0
569832,1,1,0,0
569863,6,5,1,0
569883,4,3,0,1
569920,2,1,0,1
569923,1,0,1,0
570021,3,3,0,0
570076,2,2,0,0
570144,4,3,1,0
570162,4,3,0,1
570215,3,2,1,0
570219,4,3,1,0
570224,2,2,0,0
570226,4,4,0,0
570242,0,0,0,0
570279,1,1,0,0
570291,2,2,0,0
570329,0,0,0,0
570330,3,0,2,1
570346,5,4,0,1
570369,4,2,1,1
570418,4,3,1,0
570436,2,2,0,0
570439,3,3,0,0
570600,1,1,0,0
570601,2,1,1,0
570625,1,1,0,0
570626,4,4,0,0
570631,1,1,0,0
570639,3,2,1,0
570654,1,1,0,0
570666,3,2,0,1
570683,4,4,0,0
570692,2,2,0,0
570693,3,1,1,1
570697,1,1,0,0
570713,2,1,1,0
570746,3,1,1,1
570750,2,1,1,0
570782,5,4,0,1
570821,3,3,0,0
570829,3,3,0,0
570837,5,4,1,0
570862,1,0,0,1
570928,2,2,0,0
570930,1,0,0,1
570945,2,2,0,0
570961,3,1,0,2
570988,1,1,0,0
571001,1,0,0,1
571015,5,5,0,0
571084,4,2,0,2
571200,5,4,0,1
571208,1,1,0,0
571233,1,1,0,0
571243,2,1,1,0
571251,1,1,0,0
571300,3,3,0,0
571348,3,1,0,2
571363,3,2,0,1
571429,2,2,0,0
571454,3,3,0,0
571523,3,2,1,0
571525,4,3,0,1
571553,5,4,0,1
571560,3,2,1,0
571561,1,0,0,1
571566,6,6,0,0
571580,2,1,1,0
571610,1,1,0,0
571637,3,1,1,1
571639,2,1,1,0
571643,3,3,0,0
571757,0,0,0,0
571819,3,3,0,0
571864,3,3,0,0
571876,3,2,0,1
571888,4,4,0,0
571913,2,1,0,1
571940,2,0,0,2
572106,1,0,0,1
572133,1,0,0,1
572154,1,0,0,1
572176,1,1,0,0
572214,0,0,0,0
572290,6,6,0,0
572396,3,2,1,0
572397,0,0,0,0
572428,2,2,0,0
572479,4,4,0,0
572489,3,1,1,1
572502,3,2,0,1
572529,2,2,0,0
572538,3,3,0,0
572554,8,4,2,2
572578,2,2,0,0
572591,2,2,0,0
572609,3,2,0,1
572632,3,3,0,0
572669,2,1,0,1
572728,5,3,1,1
572744,4,3,0,1
572826,2,1,0,1
572870,0,0,0,0
572898,2,1,0,1
572908,5,4,1,0
572932,0,0,0,0
572992,4,4,0,0
573010,3,3,0,0
573011,4,2,0,2
573040,3,3,0,0
573086,3,3,0,0
573122,4,4,0,0
573147,4,3,0,1
573153,4,3,1,0
573189,4,4,0,0
573191,3,3,0,0
573237,1,1,0,0
573244,4,3,0,1
573249,3,3,0,0
573291,5,4,1,0
573365,1,0,1,0
573373,2,1,1,0
573378,5,5,0,0
573379,5,4,0,1
573420,5,4,1,0
573423,0,0,0,0
573427,4,2,1,1
573493,3,3,0,0
573518,2,1,1,0
573564,5,3,2,0
573584,1,1,0,0
573588,4,4,0,0
573621,4,4,0,0
573648,4,4,0,0
573670,6,4,0,2
573698,2,2,0,0
573704,5,5,0,0
573719,1,0,1,0
573720,3,3,0,0
573792,1,1,0,0
573807,2,2,0,0
573841,2,1,0,1
573922,2,2,0,0
573926,0,0,0,0
573931,3,3,0,0
573939,4,2,0,2
573946,2,2,0,0
573988,3,3,0,0
574003,3,3,0,0
574071,4,4,0,0
574104,4,4,0,0
574116,1,0,0,1
574134,2,1,1,0
574150,3,2,1,0
574206,2,1,0,1
574279,3,2,0,1
574362,0,0,0,0
574409,2,2,0,0
574419,2,2,0,0
574440,2,2,0,0
574465,3,3,0,0
574467,4,3,1,0
574489,2,2,0,0
574493,3,3,0,0
574513,4,2,2,0
574603,4,3,0,1
574625,4,3,1,0
574680,2,1,0,1
574794,2,1,1,0
574840,3,2,1,0
574885,1,1,0,0
574909,3,3,0,0
574987,1,1,0,0
575051,4,3,1,0
575055,4,4,0,0
575092,1,0,0,1
575131,3,3,0,0
575208,1,1,0,0
575233,3,1,0,2
575253,3,2,1,0
575299,3,3,0,0
575419,5,2,2,1
575433,3,2,0,1
575459,4,4,0,0
575500,2,2,0,0
575528,2,2,0,0
575554,2,1,1,0
575561,3,3,0,0
575576,3,3,0,0
575677,5,4,0,1
575692,0,0,0,0
575711,3,2,0,1
575733,0,0,0,0
575756,3,2,0,1
575774,3,3,0,0
575809,3,2,0,1
575823,1,1,0,0
575868,2,1,1,0
575908,3,3,0,0
575923,2,1,0,1
575964,0,0,0,0
575971,5,5,0,0
576040,2,2,0,0
576103,2,2,0,0
576136,3,2,0,1
576159,2,1,0,1
576169,5,4,1,0
576231,2,1,0,1
576272,4,3,1,0
576357,2,1,0,1
576366,3,2,1,0
576369,1,1,0,0
576370,2,2,0,0
576373,4,2,0,2
576541,3,2,1,0
576612,5,4,1,0
576663,1,1,0,0
576668,0,0,0,0
576677,4,4,0,0
576691,5,3,1,1
576712,1,0,0,1
576765,1,1,0,0
576785,0,0,0,0
576833,4,3,1,0
576846,1,0,0,1
576849,4,3,0,1
576879,1,1,0,0
576922,0,0,0,0
576945,1,1,0,0
576962,3,0,1,2
576966,2,2,0,0
576985,4,3,0,1
577007,3,1,0,2
577044,3,2,1,0
577046,1,1,0,0
577074,4,3,0,1
577089,3,2,1,0
577115,4,3,0,1
577145,6,3,1,2
577180,5,5,0,0
577208,2,1,0,1
577215,1,1,0,0
577216,4,2,0,2
577225,2,2,0,0
577255,3,2,0,1
577287,4,4,0,0
577356,1,1,0,0
577381,0,0,0,0
577386,2,1,1,0
577410,5,3,0,2
577534,1,1,0,0
577539,2,2,0,0
577541,3,3,0,0
577598,4,4,0,0
577617,5,3,2,0
577625,2,1,1,0
577626,4,4,0,0
577638,5,5,0,0
577643,0,0,0,0
577667,1,0,1,0
577682,1,1,0,0
577851,2,2,0,0
577901,1,1,0,0
577915,4,4,0,0
577921,2,1,0,1
577930,4,3,0,1
577944,1,0,0,1
577984,3,3,0,0
578058,1,1,0,0
578088,3,2,1,0
578120,3,2,0,1
578164,2,2,0,0
578396,3,1,0,2
578459,3,1,2,0
578488,2,2,0,0
578503,3,2,0,1
578511,1,1,0,0
578549,4,4,0,0
578607,6,3,2,1
578824,5,5,0,0
578866,0,0,0,0
578872,2,2,0,0
578886,2,0,1,1
578892,4,4,0,0
578929,3,2,1,0
578938,5,3,1,1
578947,4,3,0,1
578993,2,2,0,0
579021,1,1,0,0
579040,0,0,0,0
579065,4,4,0,0
579230,1,0,1,0
579275,5,4,0,1
579307,5,4,1,0
579323,3,3,0,0
579404,4,4,0,0
579503,0,0,0,0
579547,3,2,1,0
579589,6,5,1,0
579707,2,2,0,0
579714,2,0,0,2
579783,0,0,0,0
579792,5,4,0,1
579804,3,2,0,1
579829,3,3,0,0
579846,1,0,0,1
579950,5,4,0,1
579971,0,0,0,0
579999,1,0,0,1
580026,0,0,0,0
580077,2,1,0,1
580211,6,6,0,0
580212,4,3,0,1
580402,5,3,1,1
580460,3,2,1,0
580515,3,3,0,0
580578,4,4,0,0
580611,4,3,1,0
580622,0,0,0,0
580626,3,2,1,0
580658,3,3,0,0
580895,2,0,0,2
580902,2,2,0,0
580944,3,1,1,1
580971,2,2,0,0
581005,5,4,1,0
581085,4,4,0,0
581086,1,1,0,0
581091,4,4,0,0
581110,0,0,0,0
581111,4,3,1,0
581120,3,3,0,0
581239,2,1,1,0
581269,4,4,0,0
581307,3,2,0,1
581343,2,2,0,0
581365,1,1,0,0
581385,1,0,0,1
581388,1,1,0,0
581409,3,2,1,0
581412,2,2,0,0
581438,3,3,0,0
581461,1,0,0,1
581491,3,2,0,1
581527,5,3,1,1
581577,2,2,0,0
581595,0,0,0,0
581666,3,3,0,0
581679,1,1,0,0
581685,1,1,0,0
581721,5,5,0,0
581729,1,1,0,0
581770,2,1,0,1
581835,5,4,0,1
581858,2,1,1,0
581901,5,3,1,1
582002,0,0,0,0
582011,4,4,0,0
582038,2,2,0,0
582190,0,0,0,0
582227,4,2,1,1
582241,0,0,0,0
582254,4,3,1,0
582319,4,4,0,0
582320,2,1,0,1
582326,4,4,0,0
582333,4,2,1,1
582343,2,2,0,0
582446,3,2,0,1
582482,2,1,0,1
582484,3,3,0,0
582577,3,3,0,0
582586,0,0,0,0
582636,2,2,0,0
582664,1,1,0,0
582723,4,4,0,0
582729,0,0,0,0
582768,5,4,1,0
582785,6,6,0,0
582796,1,0,0,1
582801,3,3,0,0
582828,3,1,2,0
582833,2,1,1,0
582903,1,1,0,0
582979,6,5,1,0
582995,4,2,1,1
583016,1,1,0,0
583023,3,2,0,1
583038,3,2,1,0
583052,4,4,0,0
583070,3,1,2,0
583087,3,3,0,0
583120,2,2,0,0
583134,1,1,0,0
583166,1,1,0,0
583190,0,0,0,0
583200,2,1,1,0
583297,4,4,0,0
583335,2,2,0,0
583336,2,1,0,1
583342,2,0,0,2
583446,4,3,0,1
583454,1,1,0,0
583483,1,1,0,0
583486,4,4,0,0
583490,1,0,0,1
583499,3,3,0,0
583526,3,2,0,1
583612,4,3,1,0
583623,1,1,0,0
583664,2,2,0,0
583759,2,1,0,1
583764,2,2,0,0
583931,3,2,0,1
583955,0,0,0,0
583976,2,2,0,0
584001,1,1,0,0
584012,2,2,0,0
584030,4,4,0,0
584034,3,3,0,0
584115,3,1,0,2
584134,2,2,0,0
584185,1,1,0,0
584217,0,0,0,0
584241,2,0,0,2
584247,3,3,0,0
584288,5,5,0,0
584423,2,2,0,0
584459,2,1,0,1
584525,7,4,2,1
584530,4,4,0,0
584531,2,2,0,0
584537,5,3,1,1
584549,4,3,0,1
584591,3,3,0,0
584666,4,3,0,1
584787,3,1,0,2
584843,2,2,0,0
584844,3,3,0,0
584875,3,3,0,0
584912,4,3,1,0
584977,3,3,0,0
584998,4,2,0,2
585138,0,0,0,0
585169,0,0,0,0
585187,3,3,0,0
585231,0,0,0,0
585248,1,1,0,0
585250,0,0,0,0
585310,3,3,0,0
585361,0,0,0,0
585492,1,1,0,0
585522,0,0,0,0
585583,2,2,0,0
585585,7,7,0,0
585595,2,1,1,0
585650,3,2,0,1
585717,2,1,1,0
585722,3,2,0,1
585745,4,3,1,0
585768,1,1,0,0
585832,2,2,0,0
585882,3,2,0,1
585915,3,1,2,0
585946,2,1,0,1
585965,3,3,0,0
585986,1,1,0,0
586006,3,3,0,0
586038,4,4,0,0
586063,2,2,0,0
586077,3,3,0,0
586096,4,3,0,1
586122,2,2,0,0
586124,2,2,0,0
586192,2,2,0,0
586251,3,3,0,0
586257,0,0,0,0
586270,2,1,0,1
586272,2,2,0,0
586312,3,3,0,0
586344,1,0,0,1
586357,0,0,0,0
586384,6,3,1,2
586458,0,0,0,0
586471,1,1,0,0
586631,2,1,1,0
586637,4,3,0,1
586644,3,2,0,1
586656,1,1,0,0
586672,4,3,1,0
586701,4,3,0,1
586721,1,1,0,0
586732,4,4,0,0
586762,3,3,0,0
586774,3,3,0,0
586803,1,0,0,1
586811,4,2,2,0
586820,4,3,1,0
586829,0,0,0,0
586850,4,4,0,0
586876,4,3,0,1
586887,5,5,0,0
586936,2,1,0,1
586953,4,2,1,1
587134,1,1,0,0
587195,1,1,0,0
587233,0,0,0,0
587234,3,3,0,0
587304,3,2,0,1
587313,3,1,0,2
587373,5,4,0,1
587459,4,2,2,0
587470,1,1,0,0
587483,4,2,1,1
587538,3,1,1,1
587577,2,1,0,1
587601,0,0,0,0
587642,0,0,0,0
587675,2,2,0,0
587698,1,1,0,0
587753,1,0,0,1
587754,2,2,0,0
587802,2,2,0,0
587810,3,2,1,0
587899,2,2,0,0
588013,1,1,0,0
588048,3,1,2,0
588103,6,5,1,0
588313,1,1,0,0
588355,3,3,0,0
588370,4,1,1,2
588386,2,2,0,0
588391,2,2,0,0
588414,3,3,0,0
588497,1,1,0,0
588507,3,2,0,1
588526,0,0,0,0
588560,0,0,0,0
588582,2,2,0,0
588677,3,3,0,0
588732,3,2,1,0
588797,3,3,0,0
588820,4,4,0,0
588893,2,2,0,0
588919,2,1,0,1
588970,3,0,0,3
589008,0,0,0,0
589121,3,2,0,1
589140,1,1,0,0
589154,4,3,0,1
589162,3,3,0,0
589164,4,4,0,0
589171,1,1,0,0
589228,4,4,0,0
589259,2,1,0,1
589306,4,4,0,0
589311,4,1,1,2
589404,4,3,0,1
589405,2,1,0,1
589414,1,1,0,0
589489,7,5,1,1
589539,2,0,0,2
589630,4,2,1,1
589650,3,2,0,1
589758,5,4,0,1
589775,3,2,0,1
589812,1,1,0,0
589822,0,0,0,0
589868,3,2,0,1
589884,3,1,1,1
589977,4,4,0,0
589995,3,2,1,0
590014,1,1,0,0
590040,6,4,1,1
590077,3,3,0,0
590095,1,1,0,0
590103,3,3,0,0
590123,1,1,0,0
590130,2,2,0,0
590163,4,3,0,1
590202,4,4,0,0
590227,2,2,0,0
590230,3,3,0,0
590379,4,4,0,0
590394,2,1,0,1
590397,2,0,0,2
590400,4,3,0,1
590404,4,4,0,0
590412,1,1,0,0
590420,5,3,0,2
590429,3,1,2,0
590434,3,2,1,0
590442,4,4,0,0
590468,2,0,1,1
590471,4,2,2,0
590473,2,1,1,0
590558,3,1,0,2
590659,1,0,0,1
590697,3,1,0,2
590744,1,1,0,0
590829,3,2,0,1
590843,2,0,0,2
590905,4,3,0,1
590922,3,3,0,0
590954,3,3,0,0
590967,5,5,0,0
590981,3,2,0,1
591003,4,3,1,0
591063,2,1,1,0
591097,4,3,0,1
591155,2,1,0,1
591255,1,1,0,0
591271,0,0,0,0
591328,0,0,0,0
591381,2,1,0,1
591433,5,5,0,0
591478,2,0,0,2
591582,4,4,0,0
591593,2,2,0,0
591599,2,2,0,0
591714,6,4,1,1
591746,3,3,0,0
591835,1,0,0,1
591888,5,5,0,0
592035,3,2,1,0
592079,0,0,0,0
592082,2,2,0,0
592118,0,0,0,0
592132,2,1,0,1
592158,2,2,0,0
592221,3,3,0,0
592366,3,2,0,1
592371,4,2,1,1
592372,2,1,1,0
592378,1,1,0,0
592399,4,4,0,0
592403,2,1,0,1
592445,3,2,0,1
592491,4,3,0,1
592598,5,4,1,0
592707,1,1,0,0
592792,3,3,0,0
592833,3,3,0,0
592886,3,3,0,0
592929,3,2,1,0
592958,1,0,0,1
593020,3,3,0,0
593047,0,0,0,0
593244,3,2,1,0
593350,4,4,0,0
593385,4,4,0,0
593386,3,2,0,1
593398,0,0,0,0
593401,2,1,1,0
593494,3,3,0,0
593536,5,3,1,1
593632,4,2,2,0
593672,3,1,0,2
593719,1,1,0,0
593786,3,3,0,0
593804,1,0,1,0
593833,1,1,0,0
593910,2,2,0,0
594000,1,0,0,1
594027,3,2,0,1
594042,6,6,0,0
594103,3,2,0,1
594123,2,1,0,1
594146,1,0,0,1
594188,2,2,0,0
594238,2,2,0,0
594240,1,1,0,0
594406,4,4,0,0
594410,3,0,1,2
594446,3,1,1,1
594449,1,1,0,0
594503,2,1,0,1
594516,0,0,0,0
594601,1,1,0,0
594644,3,3,0,0
594695,4,2,1,1
594737,3,2,0,1
594824,2,2,0,0
594875,1,0,0,1
594892,2,2,0,0
594914,3,3,0,0
594948,1,1,0,0
594985,3,3,0,0
595026,3,1,0,2
595087,5,4,0,1
595122,2,2,0,0
595123,2,2,0,0
595126,2,1,0,1
595171,2,2,0,0
595183,2,1,0,1
595184,5,3,1,1
595257,4,4,0,0
595283,1,0,1,0
595284,4,4,0,0
595386,6,5,1,0
595414,4,4,0,0
595431,3,3,0,0
595442,4,2,2,0
595506,0,0,0,0
595527,3,2,0,1
595587,4,3,1,0
595624,1,1,0,0
595626,4,3,1,0
595690,0,0,0,0
595740,2,2,0,0
595852,3,3,0,0
595861,1,1,0,0
595897,1,0,0,1
595958,4,3,0,1
596103,2,1,0,1
596153,5,4,1,0
596186,2,1,0,1
596220,2,1,0,1
596222,3,2,0,1
596320,2,1,1,0
596329,0,0,0,0
596335,2,2,0,0
596349,1,0,0,1
596361,2,1,0,1
596409,2,2,0,0
596442,1,0,0,1
596505,6,4,1,1
596559,1,1,0,0
596611,0,0,0,0
596732,3,3,0,0
596820,1,1,0,0
596856,3,1,0,2
596863,3,2,0,1
597003,2,2,0,0
597010,4,3,1,0
597029,5,3,1,1
597300,2,2,0,0
597410,3,2,0,1
597434,4,3,1,0
597498,5,4,1,0
597510,3,3,0,0
597662,0,0,0,0
597734,3,1,2,0
597836,3,3,0,0
597878,2,2,0,0
597946,2,1,1,0
597948,0,0,0,0
597954,4,4,0,0
597955,0,0,0,0
598069,3,1,1,1
598075,3,2,0,1
598185,2,1,0,1
598233,4,4,0,0
598265,4,2,0,2
598276,2,2,0,0
598306,2,2,0,0
598526,1,0,0,1
598533,2,2,0,0
598590,5,5,0,0
598687,3,3,0,0
598691,2,2,0,0
598692,2,1,0,1
598715,2,1,1,0
598832,1,0,0,1
598881,6,5,0,1
598911,6,5,1,0
598945,1,1,0,0
599065,3,3,0,0
599239,2,1,0,1
599244,1,0,1,0
599311,3,1,1,1
599335,3,2,1,0
599348,5,3,2,0
599437,3,3,0,0
599454,3,3,0,0
599649,4,4,0,0
599651,0,0,0,0
599657,1,1,0,0
599765,1,1,0,0
599790,0,0,0,0
599833,4,4,0,0
599909,0,0,0,0
599927,4,4,0,0
599999,0,0,0,0
600011,3,2,1,0
600018,5,4,1,0
600057,1,1,0,0
600078,3,2,1,0
600163,1,0,0,1
600265,1,1,0,0
600287,2,2,0,0
600304,2,2,0,0
600351,2,1,1,0
600395,4,3,0,1
600444,5,5,0,0
600515,4,4,0,0
600561,2,2,0,0
600605,3,2,0,1
600648,5,3,1,1
600690,5,3,0,2
600750,2,2,0,0
600796,1,0,0,1
600833,1,0,0,1
600842,3,1,0,2
600886,4,4,0,0
600926,2,2,0,0
600930,2,1,1,0
601094,0,0,0,0
601104,2,1,0,1
601116,2,1,0,1
601158,2,1,1,0
601282,2,2,0,0
601582,2,1,0,1
601673,5,4,1,0
601882,3,2,1,0
601894,2,1,0,1
601917,4,3,1,0
602120,4,4,0,0
602190,2,1,0,1
602323,2,1,0,1
602433,3,3,0,0
602476,4,3,0,1
602478,2,0,0,2
602598,4,3,0,1
602656,3,3,0,0
602734,1,1,0,0
602748,4,3,1,0
602769,5,5,0,0
602793,2,1,0,1
602827,5,5,0,0
602918,3,0,2,1
602921,1,1,0,0
602925,5,3,1,1
602946,4,3,0,1
602953,5,4,1,0
602962,3,3,0,0
603033,1,1,0,0
603053,3,3,0,0
603100,1,0,0,1
603160,6,5,1,0
603221,0,0,0,0
603278,3,3,0,0
603296,3,1,2,0
603341,0,0,0,0
603345,2,2,0,0
603440,4,3,0,1
603515,3,2,0,1
603592,3,3,0,0
603635,3,3,0,0
603715,3,2,0,1
603809,2,1,0,1
603875,2,2,0,0
603883,3,2,0,1
604136,3,0,2,1
604355,3,2,0,1
604388,1,1,0,0
604592,1,0,1,0
604617,2,0,1,1
604664,0,0,0,0
604688,4,4,0,0
604804,2,1,1,0
604840,3,3,0,0
604916,0,0,0,0
604982,3,3,0,0
605004,3,3,0,0
605096,3,3,0,0
605136,1,0,0,1
605308,0,0,0,0
605311,3,3,0,0
605439,2,2,0,0
605494,3,3,0,0
605558,5,3,0,2
605578,1,0,0,1
605607,1,1,0,0
605615,3,3,0,0
605619,2,2,0,0
605776,5,1,1,3
605780,2,1,1,0
605878,2,2,0,0
605943,1,0,1,0
605945,4,3,1,0
606041,2,1,1,0
606060,2,2,0,0
606094,4,4,0,0
606161,3,1,0,2
606283,1,1,0,0
606290,4,3,0,1
606333,4,2,1,1
606362,1,1,0,0
606456,0,0,0,0
606568,2,1,0,1
606635,2,2,0,0
606648,4,2,0,2
606762,3,2,0,1
606862,2,2,0,0
606930,5,5,0,0
607017,4,2,1,1
607028,4,4,0,0
607152,5,4,0,1
607197,1,1,0,0
607270,1,1,0,0
607280,1,1,0,0
607350,3,2,1,0
607524,1,0,0,1
607626,1,0,0,1
607706,2,0,1,1
607799,1,1,0,0
607931,3,2,1,0
607949,2,0,1,1
607998,3,2,1,0
608039,2,1,0,1
608086,3,3,0,0
608287,4,3,0,1
608296,4,2,0,2
608343,2,2,0,0
608478,3,0,1,2
608520,4,2,0,2
608521,2,2,0,0
608629,5,5,0,0
608725,2,1,0,1
608727,4,2,0,2
608764,2,2,0,0
608786,0,0,0,0
608820,3,2,0,1
608823,1,1,0,0
608860,2,2,0,0
608866,1,1,0,0
608970,1,0,1,0
609051,2,1,1,0
609102,1,1,0,0
609167,4,4,0,0
609221,1,0,1,0
609228,3,3,0,0
609230,2,1,1,0
609236,4,3,0,1
609240,3,3,0,0
609243,3,2,0,1
609262,4,4,0,0
609393,4,3,1,0
609413,3,3,0,0
609673,3,3,0,0
609683,1,1,0,0
609720,3,2,1,0
609763,1,0,0,1
609800,2,2,0,0
609817,4,3,1,0
609838,1,1,0,0
609868,4,4,0,0
610144,6,6,0,0
610226,1,1,0,0
610280,2,0,0,2
610294,2,2,0,0
610306,4,3,1,0
610338,2,2,0,0
610395,3,2,0,1
610474,3,3,0,0
610482,5,3,0,2
610492,2,1,0,1
610530,0,0,0,0
610670,3,3,0,0
610763,2,2,0,0
610793,2,2,0,0
610806,4,3,1,0
610905,0,0,0,0
610909,2,2,0,0
611031,0,0,0,0
611065,4,4,0,0
611087,2,1,0,1
611126,2,2,0,0
611177,2,2,0,0
611251,3,3,0,0
611350,1,1,0,0
611371,5,3,1,1
611583,3,2,1,0
611839,5,4,0,1
611852,2,2,0,0
611887,3,1,2,0
611954,4,4,0,0
612002,4,3,0,1
612128,2,1,0,1
612175,3,2,0,1
612220,2,1,1,0
612226,0,0,0,0
612236,3,3,0,0
612562,2,1,1,0
612685,2,2,0,0
612797,1,1,0,0
612812,1,0,0,1
612976,0,0,0,0
613164,3,1,0,2
613252,0,0,0,0
613275,3,2,1,0
613383,1,1,0,0
613386,0,0,0,0
613442,4,3,0,1
613655,2,2,0,0
613874,4,4,0,0
613921,1,1,0,0
613941,4,2,0,2
614033,2,2,0,0
614092,2,0,0,2
614111,3,2,0,1
614165,4,4,0,0
614311,2,2,0,0
614412,2,2,0,0
614549,3,2,0,1
614595,1,1,0,0
614632,2,0,1,1
614668,2,2,0,0
614748,3,3,0,0
614793,1,0,1,0
614814,1,0,0,1
614828,2,1,1,0
614846,0,0,0,0
614918,5,5,0,0
614933,2,2,0,0
615006,1,1,0,0
615266,6,6,0,0
615307,1,1,0,0
615489,2,2,0,0
615544,1,0,1,0
615674,1,0,0,1
615749,4,4,0,0
615783,1,1,0,0
615881,0,0,0,0
615922,2,0,1,1
616086,0,0,0,0
616125,1,1,0,0
616222,2,2,0,0
616461,2,1,1,0
616470,2,2,0,0
616491,3,3,0,0
616518,2,2,0,0
616692,1,0,1,0
616715,1,1,0,0
616718,4,4,0,0
616734,0,0,0,0
616752,2,1,0,1
616789,2,0,1,1
616795,4,3,0,1
616802,4,3,1,0
616950,1,1,0,0
616992,3,2,1,0
617052,3,3,0,0
617125,3,2,1,0
617199,5,3,0,2
617402,4,4,0,0
617407,2,2,0,0
617458,3,2,1,0
617506,2,2,0,0
617606,0,0,0,0
617743,2,1,0,1
617878,6,6,0,0
617964,1,0,0,1
617990,0,0,0,0
617994,3,2,0,1
618063,4,4,0,0
618088,4,4,0,0
618157,3,3,0,0
618181,2,2,0,0
618201,2,1,1,0
618230,0,0,0,0
618266,2,2,0,0
618308,2,2,0,0
618343,1,0,0,1
618392,2,0,1,1
618418,5,5,0,0
618429,3,3,0,0
618535,3,3,0,0
618642,2,0,2,0
618664,1,0,0,1
618759,2,0,1,1
618780,3,3,0,0
618815,1,0,0,1
618881,3,2,1,0
619079,4,4,0,0
619109,1,1,0,0
619218,1,1,0,0
619321,7,6,0,1
619362,4,4,0,0
619432,4,2,1,1
619520,2,2,0,0
619615,4,4,0,0
619918,3,2,1,0
619938,0,0,0,0
619971,1,0,0,1
619983,1,0,0,1
619988,0,0,0,0
620033,1,1,0,0
620274,3,3,0,0
620300,3,3,0,0
620382,2,1,0,1
620394,2,1,0,1
620453,1,1,0,0
620690,2,0,1,1
620719,1,0,0,1
620884,4,3,1,0
620972,3,3,0,0
620991,2,1,0,1
621072,1,1,0,0
621081,3,3,0,0
621085,1,0,0,1
621113,0,0,0,0
621150,0,0,0,0
621291,5,3,1,1
621552,0,0,0,0
621607,2,2,0,0
621665,5,4,1,0
621811,2,1,1,0
621849,3,3,0,0
621922,1,1,0,0
622149,1,1,0,0
622248,4,2,1,1
622293,3,1,2,0
622343,2,2,0,0
622418,2,2,0,0
622464,2,1,1,0
622708,4,2,0,2
622813,4,3,1,0
623043,4,4,0,0
623077,4,2,0,2
623087,3,3,0,0
623142,2,1,1,0
623417,0,0,0,0
623691,1,1,0,0
623750,2,2,0,0
623815,3,3,0,0
623850,5,5,0,0
623935,2,0,1,1
623941,4,2,1,1
623949,3,3,0,0
623972,3,3,0,0
624198,3,3,0,0
624215,4,4,0,0
624258,1,1,0,0
624497,3,3,0,0
624593,2,2,0,0
624636,3,3,0,0
624762,2,2,0,0
624913,3,3,0,0
625030,5,3,1,1
625089,4,3,1,0
625398,2,2,0,0
625400,3,3,0,0
625555,2,1,0,1
625597,2,0,1,1
625700,0,0,0,0
625703,2,2,0,0
625984,3,3,0,0
626037,0,0,0,0
626067,0,0,0,0
626114,0,0,0,0
626249,0,0,0,0
626318,3,1,1,1
626329,1,1,0,0
626519,3,2,1,0
626520,2,2,0,0
626558,0,0,0,0
626587,1,0,0,1
626645,3,3,0,0
626986,6,6,0,0
627041,2,1,1,0
627158,3,1,2,0
627176,3,3,0,0
627436,2,2,0,0
627451,3,1,2,0
627475,0,0,0,0
627518,1,1,0,0
627617,2,1,0,1
627729,0,0,0,0
627889,2,1,0,1
627893,3,2,0,1
627972,3,2,0,1
628023,3,2,1,0
628033,4,2,1,1
628570,5,4,1,0
628653,3,2,1,0
628671,2,2,0,0
628694,2,1,0,1
628752,2,1,1,0
628762,1,0,0,1
629345,1,0,0,1
629647,2,2,0,0
629701,4,3,0,1
629725,3,1,2,0
629747,0,0,0,0
629803,3,2,1,0
629812,1,1,0,0
629877,2,2,0,0
629952,3,3,0,0
630039,1,1,0,0
630097,3,2,0,1
630176,1,1,0,0
630178,1,1,0,0
630267,2,1,0,1
630607,0,0,0,0
630609,5,5,0,0
630694,2,2,0,0
630738,3,2,1,0
630992,1,0,0,1
631174,2,1,0,1
631201,2,1,0,1
631319,2,2,0,0
631384,0,0,0,0
631388,2,0,1,1
631448,2,0,0,2
631477,1,1,0,0
631787,4,2,1,1
631872,0,0,0,0
631970,3,3,0,0
631975,1,0,1,0
631993,2,2,0,0
632136,4,4,0,0
632239,1,1,0,0
632316,3,3,0,0
632425,2,1,1,0
632461,1,1,0,0
632475,2,1,0,1
632631,2,2,0,0
632665,1,1,0,0
632749,2,2,0,0
632866,0,0,0,0
632965,6,5,0,1
632988,3,3,0,0
633183,3,2,1,0
633195,2,1,1,0
633235,1,0,0,1
633314,2,2,0,0
633406,2,0,1,1
633725,7,7,0,0
633972,0,0,0,0
634130,4,2,0,2
634601,0,0,0,0
634739,0,0,0,0
634795,2,1,0,1
634824,2,2,0,0
635249,3,2,1,0
635300,6,4,1,1
635303,4,3,1,0
635375,1,0,0,1
635442,4,4,0,0
635576,4,3,1,0
635587,2,2,0,0
635666,1,1,0,0
635790,4,2,2,0
635861,1,1,0,0
635949,4,3,0,1
636078,3,3,0,0
636102,5,4,1,0
636251,1,0,0,1
636520,1,1,0,0
636524,4,2,1,1
636526,1,1,0,0
636739,1,1,0,0
636873,5,5,0,0
636874,3,3,0,0
636966,3,2,0,1
637075,1,1,0,0
637086,4,3,0,1
637421,3,2,0,1
637457,2,2,0,0
637555,0,0,0,0
637633,3,1,1,1
637687,4,4,0,0
638140,2,2,0,0
638162,6,2,1,3
638237,0,0,0,0
638565,3,2,1,0
638576,3,2,1,0
638580,2,0,0,2
638598,1,1,0,0
638600,0,0,0,0
638874,2,2,0,0
639009,3,3,0,0
639168,2,2,0,0
639458,3,3,0,0
639510,2,2,0,0
639554,2,2,0,0
639571,3,2,0,1
639894,2,1,0,1
640451,0,0,0,0
640580,3,3,0,0
640649,2,2,0,0
640689,4,4,0,0
640715,4,3,1,0
640849,4,2,2,0
640867,3,3,0,0
640968,2,1,1,0
641012,3,2,0,1
641102,3,1,1,1
641106,3,2,1,0
641310,1,1,0,0
641364,5,4,1,0
641529,2,0,0,2
641537,2,1,0,1
642215,0,0,0,0
642344,4,4,0,0
642364,1,0,1,0
642553,2,2,0,0
642578,3,1,1,1
642679,5,5,0,0
642786,3,2,0,1
642820,2,2,0,0
643324,0,0,0,0
643344,2,0,1,1
643359,1,1,0,0
643469,3,1,0,2
643645,4,2,1,1
643714,2,2,0,0
643929,2,1,0,1
644438,0,0,0,0
644467,3,3,0,0
644639,0,0,0,0
644784,1,1,0,0
644870,5,2,1,2
645022,1,0,0,1
645047,4,4,0,0
645168,3,2,1,0
645415,2,1,0,1
645488,0,0,0,0
645664,1,0,0,1
645685,4,4,0,0
645933,2,2,0,0
645939,1,1,0,0
646127,0,0,0,0
646197,0,0,0,0
646257,1,1,0,0
646259,2,0,0,2
646405,2,1,0,1
646424,3,2,0,1
646455,4,3,1,0
646933,2,2,0,0
646937,3,3,0,0
647016,1,0,0,1
647555,1,1,0,0
647597,1,0,1,0
647638,1,0,0,1
647662,3,3,0,0
647674,4,3,0,1
647804,2,2,0,0
647862,1,0,0,1
648201,0,0,0,0
648379,1,1,0,0
648852,2,2,0,0
648983,4,4,0,0
648990,3,3,0,0
649080,2,1,0,1
649081,4,3,1,0
649208,1,1,0,0
649378,5,5,0,0
649935,0,0,0,0
650049,1,1,0,0
650055,2,2,0,0
650079,2,1,1,0
650606,0,0,0,0
650901,4,2,0,2
651018,1,0,1,0
651030,3,2,0,1
651193,3,2,1,0
651201,4,4,0,0
651269,4,4,0,0
651274,0,0,0,0
651390,1,1,0,0
651491,5,3,0,2
651613,4,4,0,0
651675,3,3,0,0
651744,3,3,0,0
651805,2,2,0,0
651818,2,1,1,0
651828,2,1,0,1
651941,1,0,0,1
651960,0,0,0,0
652003,0,0,0,0
652040,3,3,0,0
652190,0,0,0,0
652359,3,3,0,0
652416,2,2,0,0
652527,1,1,0,0
652737,1,1,0,0
653197,0,0,0,0
653228,0,0,0,0
653281,4,4,0,0
653332,1,1,0,0
653640,2,2,0,0
653724,4,4,0,0
653838,3,2,1,0
653852,1,1,0,0
654233,4,4,0,0
654259,5,5,0,0
654395,2,2,0,0
654687,3,0,1,2
654913,2,1,0,1
655022,0,0,0,0
655051,1,1,0,0
655166,1,1,0,0
655300,2,2,0,0
655499,2,1,0,1
656150,1,1,0,0
656346,2,2,0,0
656422,4,3,1,0
656471,2,2,0,0
656560,1,1,0,0
656626,0,0,0,0
656708,2,2,0,0
656850,0,0,0,0
656873,3,2,1,0
656920,3,0,2,1
657122,2,1,0,1
657343,1,1,0,0
657514,0,0,0,0
657591,4,3,0,1
657629,4,2,1,1
657796,1,1,0,0
658234,1,0,1,0
658528,1,1,0,0
658774,2,0,1,1
659128,5,5,0,0
659161,5,4,1,0
659162,4,4,0,0
659360,1,1,0,0
659664,5,4,1,0
659744,4,2,0,2
659832,4,3,1,0
660110,2,2,0,0
660821,0,0,0,0
660894,0,0,0,0
660903,0,0,0,0
660959,0,0,0,0
661614,1,0,0,1
661639,1,1,0,0
661697,2,2,0,0
661930,1,0,0,1
662010,4,4,0,0
662535,1,1,0,0
662596,2,1,1,0
662750,0,0,0,0
663017,4,4,0,0
663376,1,1,0,0
663565,4,3,0,1
664084,1,1,0,0
664119,1,0,0,1
664401,3,3,0,0
664405,2,2,0,0
664617,4,1,0,3
664663,5,4,0,1
664998,2,1,1,0
665329,3,3,0,0
665397,2,2,0,0
665505,5,4,0,1
665593,4,4,0,0
665676,1,1,0,0
665746,2,1,1,0
665887,5,1,2,2
665892,5,4,0,1
665980,0,0,0,0
666049,2,2,0,0
666174,2,2,0,0
666292,1,1,0,0
666718,2,1,1,0
666942,0,0,0,0
667299,0,0,0,0
667536,2,2,0,0
667643,0,0,0,0
667718,3,3,0,0
667916,3,2,1,0
667929,1,0,1,0
667981,3,3,0,0
668083,2,0,1,1
668172,3,2,1,0
668677,2,2,0,0
668776,3,2,0,1
669140,2,1,0,1
669155,1,0,0,1
669329,2,1,0,1
669348,2,2,0,0
669356,1,1,0,0
669449,3,3,0,0
670471,2,2,0,0
670626,4,2,1,1
670971,1,1,0,0
671066,1,1,0,0
671151,4,4,0,0
671367,7,5,0,2
671368,1,1,0,0
671975,3,3,0,0
671999,1,1,0,0
672009,2,2,0,0
672112,4,1,1,2
672468,5,4,0,1
673076,1,1,0,0
673286,2,0,0,2
673874,1,1,0,0
674375,2,1,0,1
675053,3,3,0,0
675201,6,5,0,1
675594,3,3,0,0
676043,0,0,0,0
676373,2,1,0,1
676570,2,2,0,0
676707,1,0,1,0
676762,4,4,0,0
677209,1,1,0,0
677842,0,0,0,0
677896,2,1,0,1
678536,1,0,0,1
678547,2,0,1,1
678888,2,2,0,0
679040,3,2,0,1
679047,2,1,0,1
679066,3,3,0,0
679442,1,1,0,0
679611,5,4,0,1
679831,1,1,0,0
680424,3,2,0,1
680735,3,3,0,0
681050,2,1,1,0
681581,3,3,0,0
681720,4,2,2,0
682005,2,0,0,2
682247,3,3,0,0
683014,3,2,0,1
683663,1,0,0,1
683976,1,0,0,1
683978,3,3,0,0
684510,3,1,0,2
684521,2,1,0,1
684543,2,1,0,1
684764,1,1,0,0
684806,4,4,0,0
685594,1,1,0,0
685604,1,1,0,0
685958,0,0,0,0
686165,5,5,0,0
686408,4,2,0,2
686445,1,0,0,1
686509,2,2,0,0
686915,0,0,0,0
686920,2,2,0,0
688312,0,0,0,0
688600,2,1,0,1
689037,3,2,1,0
689374,1,1,0,0
689456,1,0,0,1
689624,3,2,1,0
689984,3,2,0,1
690420,4,4,0,0
690422,3,3,0,0
691334,3,3,0,0
691541,1,1,0,0
691546,5,5,0,0
692211,1,1,0,0
692510,3,2,1,0
693301,2,1,0,1
693729,2,2,0,0
693765,4,4,0,0
694265,1,1,0,0
695011,2,1,1,0
695094,1,1,0,0
695132,2,2,0,0
695307,2,2,0,0
695557,4,4,0,0
696475,4,2,0,2
697072,4,4,0,0
698291,3,3,0,0
698573,3,3,0,0
699040,1,0,1,0
699411,4,4,0,0
700028,2,1,0,1
700237,3,3,0,0
700289,1,0,0,1
700666,1,0,0,1
701565,3,3,0,0
702595,3,3,0,0
702877,2,1,1,0
703333,1,1,0,0
704652,3,3,0,0
704870,3,3,0,0
705215,4,2,1,1
705310,2,2,0,0
705984,0,0,0,0
707260,3,3,0,0
707402,0,0,0,0
707525,3,3,0,0
708887,2,0,0,2
709630,1,1,0,0
710489,3,2,1,0
710523,0,0,0,0
711391,4,4,0,0
713557,2,2,0,0
714166,1,1,0,0
714420,2,2,0,0
714504,2,2,0,0
714565,6,6,0,0
715059,3,3,0,0
716337,2,1,0,1
716801,2,1,0,1
717149,1,1,0,0
717546,2,2,0,0
720819,1,1,0,0
720860,4,4,0,0
721496,2,1,0,1
721552,1,1,0,0
721570,2,1,0,1
722828,2,1,0,1
722939,1,1,0,0
724581,5,2,3,0
725357,0,0,0,0
726953,4,3,1,0
727886,4,4,0,0
728820,2,1,0,1
730639,2,0,0,2
732729,5,3,0,2
733654,1,1,0,0
734565,2,2,0,0
735029,3,2,1,0
736075,3,3,0,0
736833,1,0,1,0
739139,0,0,0,0
739518,3,2,1,0
739734,1,0,0,1
741190,0,0,0,0
741773,1,1,0,0
741902,1,1,0,0
742639,2,1,0,1
743151,0,0,0,0
745292,1,1,0,0
746934,0,0,0,0
748759,0,0,0,0
750982,4,4,0,0
751545,3,1,0,2
752933,2,1,0,1
756030,3,3,0,0
756434,2,1,0,1
757930,4,2,1,1
760304,2,2,0,0
760793,3,2,0,1
763129,2,1,0,1
763792,1,0,0,1
765745,2,0,1,1
767426,4,1,1,2
768291,2,2,0,0
770252,1,1,0,0
774666,2,1,1,0
777366,1,1,0,0
777846,2,2,0,0
780167,2,1,1,0
785107,4,3,0,1
785186,2,2,0,0
792549,4,1,3,0
796032,3,3,0,0
801660,3,3,0,0
811077,1,1,0,0
844489,0,0,0,0
